{ 
    "v" : NumberInt(1), 
    "key" : {
        "_id" : NumberInt(1)
    }, 
    "name" : "_id_", 
    "ns" : "client_ugroup.log_token"
}
{ 
    "v" : NumberInt(1), 
    "key" : {
        "_id" : NumberInt(1)
    }, 
    "name" : "_id_", 
    "ns" : "client_ugroup.log_api"
}
{ 
    "v" : NumberInt(1), 
    "key" : {
        "_id" : NumberInt(1)
    }, 
    "name" : "_id_", 
    "ns" : "client_ugroup.conf_extend_contacts"
}
{ 
    "v" : NumberInt(1), 
    "key" : {
        "_id" : NumberInt(1)
    }, 
    "name" : "_id_", 
    "ns" : "client_ugroup.conf_flag"
}
{ 
    "v" : NumberInt(1), 
    "key" : {
        "_id" : NumberInt(1)
    }, 
    "name" : "_id_", 
    "ns" : "client_ugroup.conf_postal_contacts"
}
{ 
    "v" : NumberInt(1), 
    "key" : {
        "_id" : NumberInt(1)
    }, 
    "name" : "_id_", 
    "ns" : "client_ugroup.conf_role"
}
{ 
    "v" : NumberInt(1), 
    "key" : {
        "_id" : NumberInt(1)
    }, 
    "name" : "_id_", 
    "ns" : "client_ugroup.conf_responses"
}
{ 
    "v" : NumberInt(1), 
    "key" : {
        "_id" : NumberInt(1)
    }, 
    "name" : "_id_", 
    "ns" : "client_ugroup.conf_status"
}
{ 
    "v" : NumberInt(1), 
    "key" : {
        "_id" : NumberInt(1)
    }, 
    "name" : "_id_", 
    "ns" : "client_ugroup.users"
}
{ 
    "v" : NumberInt(1), 
    "key" : {
        "_id" : NumberInt(1)
    }, 
    "name" : "_id_", 
    "ns" : "client_ugroup.reseller"
}
{ 
    "v" : NumberInt(1), 
    "key" : {
        "_id" : NumberInt(1)
    }, 
    "name" : "_id_", 
    "ns" : "client_ugroup.ureg_api_logs"
}
{ 
    "v" : NumberInt(1), 
    "key" : {
        "_id" : NumberInt(1)
    }, 
    "name" : "_id_", 
    "ns" : "client_ugroup.contacts"
}
{ 
    "v" : NumberInt(1), 
    "key" : {
        "_id" : NumberInt(1)
    }, 
    "name" : "_id_", 
    "ns" : "client_ugroup.token"
}
