{ 
    "_id" : ObjectId("5a7d6b1845fbbe0b3e8b4590"), 
    "key" : "9JFk59Tjk9SdNJ4zN0NZDBNlDkVHzsorpJJnIMyqfgrkyv6YrhWeB9aAz6QC", 
    "uid" : null, 
    "param" : null, 
    "expires_in" : "2018-02-09T18:34:16+0700", 
    "ttl" : NumberLong(7200), 
    "created" : "2018-02-09T16:34:16+0700"
}
{ 
    "_id" : ObjectId("5a7d6b2345fbbea4268b4585"), 
    "key" : "9JFk59Tjk9SdNJ4zN0NZDBNlDkVHzsorpJJnIMyqfgrkyv6YrhWeB9aAz6QC", 
    "uid" : null, 
    "param" : null, 
    "expires_in" : "2018-02-09T18:34:27+0700", 
    "ttl" : NumberLong(7200), 
    "created" : "2018-02-09T16:34:27+0700"
}
{ 
    "_id" : ObjectId("5a7d6b3745fbbe4d538b4584"), 
    "key" : "9JFk59Tjk9SdNJ4zN0NZDBNlDkVHzsorpJJnIMyqfgrkyv6YrhWeB9aAz6QC", 
    "uid" : null, 
    "param" : null, 
    "expires_in" : "2018-02-09T18:34:47+0700", 
    "ttl" : NumberLong(7200), 
    "created" : "2018-02-09T16:34:47+0700"
}
{ 
    "_id" : ObjectId("5a7d6b9f45fbbe0b3e8b4592"), 
    "key" : "9JFk59Tjk9SdNJ4zN0NZDBNlDkVHzsorpJJnIMyqfgrkyv6YrhWeB9aAz6QC", 
    "uid" : null, 
    "param" : null, 
    "expires_in" : "2018-02-09T18:36:31+0700", 
    "ttl" : NumberLong(7200), 
    "created" : "2018-02-09T16:36:31+0700"
}
{ 
    "_id" : ObjectId("5a7d6bab45fbbea5268b4589"), 
    "key" : "9JFk59Tjk9SdNJ4zN0NZDBNlDkVHzsorpJJnIMyqfgrkyv6YrhWeB9aAz6QC", 
    "uid" : null, 
    "param" : null, 
    "expires_in" : "2018-02-09T18:36:43+0700", 
    "ttl" : NumberLong(7200), 
    "created" : "2018-02-09T16:36:43+0700"
}
{ 
    "_id" : ObjectId("5a7d6bb945fbbeae268b4582"), 
    "key" : "9JFk59Tjk9SdNJ4zN0NZDBNlDkVHzsorpJJnIMyqfgrkyv6YrhWeB9aAz6QC", 
    "uid" : null, 
    "param" : null, 
    "expires_in" : "2018-02-09T18:36:57+0700", 
    "ttl" : NumberLong(7200), 
    "created" : "2018-02-09T16:36:57+0700"
}
{ 
    "_id" : ObjectId("5a7d6e3245fbbea6268b458e"), 
    "key" : "9JFk59Tjk9SdNJ4zN0NZDBNlDkVHzsorpJJnIMyqfgrkyv6YrhWeB9aAz6QC", 
    "uid" : null, 
    "param" : null, 
    "expires_in" : "2018-02-09T18:47:30+0700", 
    "ttl" : NumberLong(7200), 
    "created" : "2018-02-09T16:47:30+0700"
}
{ 
    "_id" : ObjectId("5a7d86ad45fbbea3268b4581"), 
    "key" : "9JFk59Tjk9SdNJ4zN0NZDBNlDkVHzsorpJJnIMyqfgrkyv6YrhWeB9aAz6QC", 
    "uid" : null, 
    "param" : null, 
    "expires_in" : "2018-02-09T20:31:57+0700", 
    "ttl" : NumberLong(7200), 
    "created" : "2018-02-09T18:31:57+0700"
}
{ 
    "_id" : ObjectId("5a7d8b7c45fbbeae268b4584"), 
    "key" : "9JFk59Tjk9SdNJ4zN0NZDBNlDkVHzsorpJJnIMyqfgrkyv6YrhWeB9aAz6QC", 
    "uid" : null, 
    "param" : null, 
    "expires_in" : "2018-02-09T20:52:28+0700", 
    "ttl" : NumberLong(7200), 
    "created" : "2018-02-09T18:52:28+0700"
}
{ 
    "_id" : ObjectId("5a7d8bab45fbbea3268b4582"), 
    "param" : "{\"account\":\"VNP08R22\"}"
}
{ 
    "_id" : ObjectId("5a7d8c5045fbbea6268b458f"), 
    "param" : "{\"account\":\"VNP08R22\"}"
}
{ 
    "_id" : ObjectId("5a7d8c5645fbbea5268b458b"), 
    "param" : "{\"account\":\"VNP08R22\"}"
}
{ 
    "_id" : ObjectId("5a7d8c6a45fbbedf268b4590"), 
    "param" : "{\"account\":\"VNP08R22\"}"
}
{ 
    "_id" : ObjectId("5a7d8c7645fbbea4268b4586"), 
    "param" : "{\"account\":\"VNP08R22\"}"
}
{ 
    "_id" : ObjectId("5a7d8c8245fbbe0a3e8b4586"), 
    "param" : "{\"account\":\"VNP08R22\"}"
}
{ 
    "_id" : ObjectId("5a7d8c8e45fbbe0b3e8b4594"), 
    "param" : "{\"account\":\"VNP08R22\"}"
}
{ 
    "_id" : ObjectId("5a7d8c9c45fbbea5268b458c"), 
    "param" : "{\"account\":\"VNP08R22\"}"
}
{ 
    "_id" : ObjectId("5a7d8cb245fbbeae268b4585"), 
    "param" : "{\"account\":\"VNP08R22\"}"
}
{ 
    "_id" : ObjectId("5a7d8cdb45fbbe4d538b4586"), 
    "key" : "9JFk59Tjk9SdNJ4zN0NZDBNlDkVHzsorpJJnIMyqfgrkyv6YrhWeB9aAz6QC", 
    "uid" : null, 
    "param" : null, 
    "expires_in" : "2018-02-09T20:58:19+0700", 
    "ttl" : NumberLong(7200), 
    "created" : "2018-02-09T18:58:19+0700"
}
{ 
    "_id" : ObjectId("5a7d8d2345fbbea5268b458e"), 
    "key" : "9JFk59Tjk9SdNJ4zN0NZDBNlDkVHzsorpJJnIMyqfgrkyv6YrhWeB9aAz6QC", 
    "uid" : null, 
    "param" : null, 
    "expires_in" : "2018-02-09T20:59:31+0700", 
    "ttl" : NumberLong(7200), 
    "created" : "2018-02-09T18:59:31+0700"
}
{ 
    "_id" : ObjectId("5a7d900c45fbbe0a3e8b4588"), 
    "key" : "9JFk59Tjk9SdNJ4zN0NZDBNlDkVHzsorpJJnIMyqfgrkyv6YrhWeB9aAz6QC", 
    "uid" : null, 
    "param" : null, 
    "expires_in" : "2018-02-09T21:11:56+0700", 
    "ttl" : NumberLong(7200), 
    "created" : "2018-02-09T19:11:56+0700"
}
{ 
    "_id" : ObjectId("5a7d900f45fbbea5268b4590"), 
    "key" : "9JFk59Tjk9SdNJ4zN0NZDBNlDkVHzsorpJJnIMyqfgrkyv6YrhWeB9aAz6QC", 
    "uid" : null, 
    "param" : null, 
    "expires_in" : "2018-02-09T21:11:59+0700", 
    "ttl" : NumberLong(7200), 
    "created" : "2018-02-09T19:11:59+0700"
}
{ 
    "_id" : ObjectId("5a7d901045fbbeed3d8b4594"), 
    "key" : "9JFk59Tjk9SdNJ4zN0NZDBNlDkVHzsorpJJnIMyqfgrkyv6YrhWeB9aAz6QC", 
    "uid" : null, 
    "param" : null, 
    "expires_in" : "2018-02-09T21:12:00+0700", 
    "ttl" : NumberLong(7200), 
    "created" : "2018-02-09T19:12:00+0700"
}
{ 
    "_id" : ObjectId("5a7d959c45fbbe0a3e8b458a"), 
    "key" : "9JFk59Tjk9SdNJ4zN0NZDBNlDkVHzsorpJJnIMyqfgrkyv6YrhWeB9aAz6QC", 
    "uid" : null, 
    "param" : null, 
    "expires_in" : "2018-02-09T21:35:40+0700", 
    "ttl" : NumberLong(7200), 
    "created" : "2018-02-09T19:35:40+0700"
}
{ 
    "_id" : ObjectId("5a7d95ae45fbbea5268b4592"), 
    "key" : "9JFk59Tjk9SdNJ4zN0NZDBNlDkVHzsorpJJnIMyqfgrkyv6YrhWeB9aAz6QC", 
    "uid" : null, 
    "param" : null, 
    "expires_in" : "2018-02-09T21:35:58+0700", 
    "ttl" : NumberLong(7200), 
    "created" : "2018-02-09T19:35:58+0700"
}
{ 
    "_id" : ObjectId("5a7d95af45fbbea3268b4586"), 
    "key" : "9JFk59Tjk9SdNJ4zN0NZDBNlDkVHzsorpJJnIMyqfgrkyv6YrhWeB9aAz6QC", 
    "uid" : null, 
    "param" : null, 
    "expires_in" : "2018-02-09T21:35:59+0700", 
    "ttl" : NumberLong(7200), 
    "created" : "2018-02-09T19:35:59+0700"
}
{ 
    "_id" : ObjectId("5a7d95b045fbbea6268b4591"), 
    "key" : "9JFk59Tjk9SdNJ4zN0NZDBNlDkVHzsorpJJnIMyqfgrkyv6YrhWeB9aAz6QC", 
    "uid" : null, 
    "param" : null, 
    "expires_in" : "2018-02-09T21:36:00+0700", 
    "ttl" : NumberLong(7200), 
    "created" : "2018-02-09T19:36:00+0700"
}
{ 
    "_id" : ObjectId("5a7d95b045fbbeae268b4587"), 
    "key" : "9JFk59Tjk9SdNJ4zN0NZDBNlDkVHzsorpJJnIMyqfgrkyv6YrhWeB9aAz6QC", 
    "uid" : null, 
    "param" : null, 
    "expires_in" : "2018-02-09T21:36:00+0700", 
    "ttl" : NumberLong(7200), 
    "created" : "2018-02-09T19:36:00+0700"
}
{ 
    "_id" : ObjectId("5a7d95b145fbbe0a3e8b458c"), 
    "key" : "9JFk59Tjk9SdNJ4zN0NZDBNlDkVHzsorpJJnIMyqfgrkyv6YrhWeB9aAz6QC", 
    "uid" : null, 
    "param" : null, 
    "expires_in" : "2018-02-09T21:36:01+0700", 
    "ttl" : NumberLong(7200), 
    "created" : "2018-02-09T19:36:01+0700"
}
{ 
    "_id" : ObjectId("5a7d969045fbbe0b3e8b4596"), 
    "key" : "9JFk59Tjk9SdNJ4zN0NZDBNlDkVHzsorpJJnIMyqfgrkyv6YrhWeB9aAz6QC", 
    "uid" : null, 
    "param" : null, 
    "expires_in" : "2018-02-09T21:39:44+0700", 
    "ttl" : NumberLong(7200), 
    "created" : "2018-02-09T19:39:44+0700"
}
{ 
    "_id" : ObjectId("5a7d96ea45fbbea6268b4593"), 
    "key" : "9JFk59Tjk9SdNJ4zN0NZDBNlDkVHzsorpJJnIMyqfgrkyv6YrhWeB9aAz6QC", 
    "uid" : null, 
    "param" : null, 
    "expires_in" : "2018-02-09T21:41:14+0700", 
    "ttl" : NumberLong(7200), 
    "created" : "2018-02-09T19:41:14+0700"
}
