{ 
    "_id" : ObjectId("5a7c0d7245fbbea5268b456b"), 
    "uri" : "api", 
    "method" : "get", 
    "params" : null, 
    "api_key" : "", 
    "ip_address" : "192.168.1.65", 
    "time" : NumberLong(1518079346), 
    "authorized" : true
}
{ 
    "_id" : ObjectId("5a7c0d8145fbbeae268b456b"), 
    "uri" : "api", 
    "method" : "get", 
    "params" : null, 
    "api_key" : "", 
    "ip_address" : "192.168.1.65", 
    "time" : NumberLong(1518079361), 
    "authorized" : true
}
{ 
    "_id" : ObjectId("5a7c0d8245fbbeae268b456c"), 
    "uri" : "api", 
    "method" : "get", 
    "params" : null, 
    "api_key" : "", 
    "ip_address" : "192.168.1.65", 
    "time" : NumberLong(1518079362), 
    "authorized" : true
}
{ 
    "_id" : ObjectId("5a7c0d8245fbbeae268b456d"), 
    "uri" : "api", 
    "method" : "get", 
    "params" : null, 
    "api_key" : "", 
    "ip_address" : "192.168.1.65", 
    "time" : NumberLong(1518079362), 
    "authorized" : true
}
{ 
    "_id" : ObjectId("5a7c0d8245fbbeae268b456e"), 
    "uri" : "api", 
    "method" : "get", 
    "params" : null, 
    "api_key" : "", 
    "ip_address" : "192.168.1.65", 
    "time" : NumberLong(1518079362), 
    "authorized" : true
}
{ 
    "_id" : ObjectId("5a7c0d8245fbbeae268b456f"), 
    "uri" : "api", 
    "method" : "get", 
    "params" : null, 
    "api_key" : "", 
    "ip_address" : "192.168.1.65", 
    "time" : NumberLong(1518079362), 
    "authorized" : true
}
{ 
    "_id" : ObjectId("5a7c0d8445fbbeae268b4570"), 
    "uri" : "api", 
    "method" : "get", 
    "params" : null, 
    "api_key" : "", 
    "ip_address" : "192.168.1.65", 
    "time" : NumberLong(1518079364), 
    "authorized" : true
}
{ 
    "_id" : ObjectId("5a7c0d8f45fbbea6268b456f"), 
    "uri" : "token/create", 
    "method" : "get", 
    "params" : "a:1:{s:5:\"param\";s:38:\"{\"param\":\"{\\\"account\\\":\\\"VNP08R22\\\"}\"}\";}", 
    "api_key" : "", 
    "ip_address" : "192.168.1.221", 
    "time" : NumberLong(1518079375), 
    "authorized" : true
}
{ 
    "_id" : ObjectId("5a7c0da245fbbedf268b456c"), 
    "uri" : "api", 
    "method" : "get", 
    "params" : null, 
    "api_key" : "", 
    "ip_address" : "192.168.1.65", 
    "time" : NumberLong(1518079394), 
    "authorized" : true
}
{ 
    "_id" : ObjectId("5a7c0da345fbbe4d538b4568"), 
    "uri" : "api", 
    "method" : "get", 
    "params" : null, 
    "api_key" : "", 
    "ip_address" : "192.168.1.65", 
    "time" : NumberLong(1518079395), 
    "authorized" : true
}
{ 
    "_id" : ObjectId("5a7c0da345fbbe4d538b4569"), 
    "uri" : "api", 
    "method" : "get", 
    "params" : null, 
    "api_key" : "", 
    "ip_address" : "192.168.1.65", 
    "time" : NumberLong(1518079395), 
    "authorized" : true
}
{ 
    "_id" : ObjectId("5a7c0da345fbbe4d538b456a"), 
    "uri" : "api", 
    "method" : "get", 
    "params" : null, 
    "api_key" : "", 
    "ip_address" : "192.168.1.65", 
    "time" : NumberLong(1518079395), 
    "authorized" : true
}
{ 
    "_id" : ObjectId("5a7c0da345fbbe4d538b456b"), 
    "uri" : "api", 
    "method" : "get", 
    "params" : null, 
    "api_key" : "", 
    "ip_address" : "192.168.1.65", 
    "time" : NumberLong(1518079395), 
    "authorized" : true
}
{ 
    "_id" : ObjectId("5a7c0da345fbbe4d538b456c"), 
    "uri" : "api", 
    "method" : "get", 
    "params" : null, 
    "api_key" : "", 
    "ip_address" : "192.168.1.65", 
    "time" : NumberLong(1518079395), 
    "authorized" : true
}
{ 
    "_id" : ObjectId("5a7c0da445fbbe4d538b456d"), 
    "uri" : "api", 
    "method" : "get", 
    "params" : null, 
    "api_key" : "", 
    "ip_address" : "192.168.1.65", 
    "time" : NumberLong(1518079396), 
    "authorized" : true
}
{ 
    "_id" : ObjectId("5a7c0da445fbbe4d538b456e"), 
    "uri" : "api", 
    "method" : "get", 
    "params" : null, 
    "api_key" : "", 
    "ip_address" : "192.168.1.65", 
    "time" : NumberLong(1518079396), 
    "authorized" : true
}
{ 
    "_id" : ObjectId("5a7c0da445fbbe4d538b456f"), 
    "uri" : "api", 
    "method" : "get", 
    "params" : null, 
    "api_key" : "", 
    "ip_address" : "192.168.1.65", 
    "time" : NumberLong(1518079396), 
    "authorized" : true
}
{ 
    "_id" : ObjectId("5a7c0da545fbbe4d538b4570"), 
    "uri" : "api", 
    "method" : "get", 
    "params" : null, 
    "api_key" : "", 
    "ip_address" : "192.168.1.65", 
    "time" : NumberLong(1518079397), 
    "authorized" : true
}
{ 
    "_id" : ObjectId("5a7c0f6145fbbea4268b456c"), 
    "uri" : "token", 
    "method" : "get", 
    "params" : null, 
    "api_key" : "", 
    "ip_address" : "192.168.1.65", 
    "time" : NumberLong(1518079841), 
    "authorized" : true
}
{ 
    "_id" : ObjectId("5a7c0f7145fbbea6268b4570"), 
    "uri" : "token", 
    "method" : "get", 
    "params" : null, 
    "api_key" : "", 
    "ip_address" : "192.168.1.65", 
    "time" : NumberLong(1518079857), 
    "authorized" : true
}
{ 
    "_id" : ObjectId("5a7c0f7245fbbe0b3e8b4567"), 
    "uri" : "token", 
    "method" : "get", 
    "params" : null, 
    "api_key" : "", 
    "ip_address" : "192.168.1.65", 
    "time" : NumberLong(1518079858), 
    "authorized" : true
}
{ 
    "_id" : ObjectId("5a7c0f7345fbbea3268b456b"), 
    "uri" : "token", 
    "method" : "get", 
    "params" : null, 
    "api_key" : "", 
    "ip_address" : "192.168.1.65", 
    "time" : NumberLong(1518079859), 
    "authorized" : true
}
{ 
    "_id" : ObjectId("5a7c0f7345fbbe0a3e8b456b"), 
    "uri" : "token", 
    "method" : "get", 
    "params" : null, 
    "api_key" : "", 
    "ip_address" : "192.168.1.65", 
    "time" : NumberLong(1518079859), 
    "authorized" : true
}
{ 
    "_id" : ObjectId("5a7c0fe245fbbea5268b456c"), 
    "uri" : "token", 
    "method" : "get", 
    "params" : null, 
    "api_key" : "", 
    "ip_address" : "192.168.1.65", 
    "time" : NumberLong(1518079970), 
    "authorized" : true
}
{ 
    "_id" : ObjectId("5a7c0fea45fbbeae268b4571"), 
    "uri" : "token", 
    "method" : "get", 
    "params" : null, 
    "api_key" : "", 
    "ip_address" : "192.168.1.65", 
    "time" : NumberLong(1518079978), 
    "authorized" : true
}
{ 
    "_id" : ObjectId("5a7c0ffd45fbbe0b3e8b4568"), 
    "uri" : "token", 
    "method" : "get", 
    "params" : null, 
    "api_key" : "", 
    "ip_address" : "192.168.1.65", 
    "time" : NumberLong(1518079997), 
    "authorized" : true
}
{ 
    "_id" : ObjectId("5a7c100745fbbe0a3e8b456c"), 
    "uri" : "token", 
    "method" : "get", 
    "params" : null, 
    "api_key" : "", 
    "ip_address" : "192.168.1.65", 
    "time" : NumberLong(1518080007), 
    "authorized" : true
}
{ 
    "_id" : ObjectId("5a7c105a45fbbedf268b456f"), 
    "uri" : "token", 
    "method" : "get", 
    "params" : null, 
    "api_key" : "", 
    "ip_address" : "192.168.1.65", 
    "time" : NumberLong(1518080090), 
    "authorized" : true
}
{ 
    "_id" : ObjectId("5a7c10b945fbbea4268b456d"), 
    "uri" : "token", 
    "method" : "get", 
    "params" : null, 
    "api_key" : "", 
    "ip_address" : "192.168.1.65", 
    "time" : NumberLong(1518080185), 
    "authorized" : true
}
{ 
    "_id" : ObjectId("5a7c10ba45fbbea6268b4571"), 
    "uri" : "token", 
    "method" : "get", 
    "params" : null, 
    "api_key" : "", 
    "ip_address" : "192.168.1.65", 
    "time" : NumberLong(1518080186), 
    "authorized" : true
}
{ 
    "_id" : ObjectId("5a7c10ba45fbbea6268b4572"), 
    "uri" : "token", 
    "method" : "get", 
    "params" : null, 
    "api_key" : "", 
    "ip_address" : "192.168.1.65", 
    "time" : NumberLong(1518080186), 
    "authorized" : true
}
{ 
    "_id" : ObjectId("5a7c10ba45fbbea6268b4573"), 
    "uri" : "token", 
    "method" : "get", 
    "params" : null, 
    "api_key" : "", 
    "ip_address" : "192.168.1.65", 
    "time" : NumberLong(1518080186), 
    "authorized" : true
}
{ 
    "_id" : ObjectId("5a7c10ba45fbbea6268b4574"), 
    "uri" : "token", 
    "method" : "get", 
    "params" : null, 
    "api_key" : "", 
    "ip_address" : "192.168.1.65", 
    "time" : NumberLong(1518080186), 
    "authorized" : true
}
{ 
    "_id" : ObjectId("5a7c10d045fbbea3268b456c"), 
    "uri" : "token", 
    "method" : "get", 
    "params" : null, 
    "api_key" : "", 
    "ip_address" : "192.168.1.65", 
    "time" : NumberLong(1518080208), 
    "authorized" : true
}
{ 
    "_id" : ObjectId("5a7c10ef45fbbe0a3e8b456d"), 
    "uri" : "token", 
    "method" : "get", 
    "params" : null, 
    "api_key" : "", 
    "ip_address" : "192.168.1.65", 
    "time" : NumberLong(1518080239), 
    "authorized" : true
}
{ 
    "_id" : ObjectId("5a7c116f45fbbe0b3e8b4569"), 
    "uri" : "token", 
    "method" : "get", 
    "params" : null, 
    "api_key" : "", 
    "ip_address" : "192.168.1.65", 
    "time" : NumberLong(1518080367), 
    "authorized" : true
}
{ 
    "_id" : ObjectId("5a7c118e45fbbe4d538b4571"), 
    "uri" : "token", 
    "method" : "get", 
    "params" : null, 
    "api_key" : "", 
    "ip_address" : "192.168.1.65", 
    "time" : NumberLong(1518080398), 
    "authorized" : true
}
{ 
    "_id" : ObjectId("5a7c11a345fbbe0a3e8b456e"), 
    "uri" : "token", 
    "method" : "get", 
    "params" : null, 
    "api_key" : "", 
    "ip_address" : "192.168.1.65", 
    "time" : NumberLong(1518080419), 
    "authorized" : true
}
{ 
    "_id" : ObjectId("5a7c11a445fbbe0a3e8b456f"), 
    "uri" : "token", 
    "method" : "get", 
    "params" : null, 
    "api_key" : "", 
    "ip_address" : "192.168.1.65", 
    "time" : NumberLong(1518080420), 
    "authorized" : true
}
{ 
    "_id" : ObjectId("5a7c11a445fbbedf268b4570"), 
    "uri" : "token", 
    "method" : "get", 
    "params" : null, 
    "api_key" : "", 
    "ip_address" : "192.168.1.65", 
    "time" : NumberLong(1518080420), 
    "authorized" : true
}
{ 
    "_id" : ObjectId("5a7c11a545fbbedf268b4571"), 
    "uri" : "token", 
    "method" : "get", 
    "params" : null, 
    "api_key" : "", 
    "ip_address" : "192.168.1.65", 
    "time" : NumberLong(1518080421), 
    "authorized" : true
}
{ 
    "_id" : ObjectId("5a7c11a545fbbedf268b4572"), 
    "uri" : "token", 
    "method" : "get", 
    "params" : null, 
    "api_key" : "", 
    "ip_address" : "192.168.1.65", 
    "time" : NumberLong(1518080421), 
    "authorized" : true
}
{ 
    "_id" : ObjectId("5a7c11a545fbbedf268b4573"), 
    "uri" : "token", 
    "method" : "get", 
    "params" : null, 
    "api_key" : "", 
    "ip_address" : "192.168.1.65", 
    "time" : NumberLong(1518080421), 
    "authorized" : true
}
{ 
    "_id" : ObjectId("5a7c11a645fbbedf268b4574"), 
    "uri" : "token", 
    "method" : "get", 
    "params" : null, 
    "api_key" : "", 
    "ip_address" : "192.168.1.65", 
    "time" : NumberLong(1518080422), 
    "authorized" : true
}
{ 
    "_id" : ObjectId("5a7c11a645fbbedf268b4575"), 
    "uri" : "token", 
    "method" : "get", 
    "params" : null, 
    "api_key" : "", 
    "ip_address" : "192.168.1.65", 
    "time" : NumberLong(1518080422), 
    "authorized" : true
}
{ 
    "_id" : ObjectId("5a7c11a645fbbedf268b4576"), 
    "uri" : "token", 
    "method" : "get", 
    "params" : null, 
    "api_key" : "", 
    "ip_address" : "192.168.1.65", 
    "time" : NumberLong(1518080422), 
    "authorized" : true
}
{ 
    "_id" : ObjectId("5a7c11a645fbbedf268b4577"), 
    "uri" : "token", 
    "method" : "get", 
    "params" : null, 
    "api_key" : "", 
    "ip_address" : "192.168.1.65", 
    "time" : NumberLong(1518080422), 
    "authorized" : true
}
{ 
    "_id" : ObjectId("5a7c126845fbbea4268b456e"), 
    "uri" : "token", 
    "method" : "get", 
    "params" : null, 
    "api_key" : "", 
    "ip_address" : "192.168.1.65", 
    "time" : NumberLong(1518080616), 
    "authorized" : true
}
{ 
    "_id" : ObjectId("5a7c127e45fbbe0b3e8b456a"), 
    "uri" : "token", 
    "method" : "get", 
    "params" : null, 
    "api_key" : "", 
    "ip_address" : "192.168.1.65", 
    "time" : NumberLong(1518080638), 
    "authorized" : true
}
{ 
    "_id" : ObjectId("5a7c127e45fbbe0b3e8b456b"), 
    "uri" : "token", 
    "method" : "get", 
    "params" : null, 
    "api_key" : "", 
    "ip_address" : "192.168.1.65", 
    "time" : NumberLong(1518080638), 
    "authorized" : true
}
{ 
    "_id" : ObjectId("5a7c127e45fbbe0b3e8b456c"), 
    "uri" : "token", 
    "method" : "get", 
    "params" : null, 
    "api_key" : "", 
    "ip_address" : "192.168.1.65", 
    "time" : NumberLong(1518080638), 
    "authorized" : true
}
{ 
    "_id" : ObjectId("5a7c127f45fbbe0b3e8b456d"), 
    "uri" : "token", 
    "method" : "get", 
    "params" : null, 
    "api_key" : "", 
    "ip_address" : "192.168.1.65", 
    "time" : NumberLong(1518080639), 
    "authorized" : true
}
{ 
    "_id" : ObjectId("5a7c127f45fbbe0b3e8b456e"), 
    "uri" : "token", 
    "method" : "get", 
    "params" : null, 
    "api_key" : "", 
    "ip_address" : "192.168.1.65", 
    "time" : NumberLong(1518080639), 
    "authorized" : true
}
{ 
    "_id" : ObjectId("5a7c127f45fbbe0b3e8b456f"), 
    "uri" : "token", 
    "method" : "get", 
    "params" : null, 
    "api_key" : "", 
    "ip_address" : "192.168.1.65", 
    "time" : NumberLong(1518080639), 
    "authorized" : true
}
{ 
    "_id" : ObjectId("5a7c127f45fbbe0b3e8b4570"), 
    "uri" : "token", 
    "method" : "get", 
    "params" : null, 
    "api_key" : "", 
    "ip_address" : "192.168.1.65", 
    "time" : NumberLong(1518080639), 
    "authorized" : true
}
{ 
    "_id" : ObjectId("5a7c12b245fbbea3268b456d"), 
    "uri" : "token", 
    "method" : "get", 
    "params" : null, 
    "api_key" : "", 
    "ip_address" : "192.168.1.65", 
    "time" : NumberLong(1518080690), 
    "authorized" : true
}
{ 
    "_id" : ObjectId("5a7c12b445fbbea5268b456d"), 
    "uri" : "token", 
    "method" : "get", 
    "params" : null, 
    "api_key" : "", 
    "ip_address" : "192.168.1.65", 
    "time" : NumberLong(1518080692), 
    "authorized" : true
}
{ 
    "_id" : ObjectId("5a7c12c045fbbeae268b4572"), 
    "uri" : "token", 
    "method" : "get", 
    "params" : null, 
    "api_key" : "", 
    "ip_address" : "192.168.1.65", 
    "time" : NumberLong(1518080704), 
    "authorized" : true
}
{ 
    "_id" : ObjectId("5a7c12d145fbbea4268b456f"), 
    "uri" : "token", 
    "method" : "get", 
    "params" : null, 
    "api_key" : "", 
    "ip_address" : "192.168.1.65", 
    "time" : NumberLong(1518080721), 
    "authorized" : true
}
{ 
    "_id" : ObjectId("5a7c12fc45fbbe0b3e8b4571"), 
    "uri" : "token", 
    "method" : "get", 
    "params" : null, 
    "api_key" : "", 
    "ip_address" : "192.168.1.65", 
    "time" : NumberLong(1518080764), 
    "authorized" : true
}
{ 
    "_id" : ObjectId("5a7c130f45fbbeed3d8b4571"), 
    "uri" : "token", 
    "method" : "get", 
    "params" : null, 
    "api_key" : "", 
    "ip_address" : "192.168.1.65", 
    "time" : NumberLong(1518080783), 
    "authorized" : true
}
{ 
    "_id" : ObjectId("5a7c131045fbbeed3d8b4572"), 
    "uri" : "token", 
    "method" : "get", 
    "params" : null, 
    "api_key" : "", 
    "ip_address" : "192.168.1.65", 
    "time" : NumberLong(1518080784), 
    "authorized" : true
}
{ 
    "_id" : ObjectId("5a7c131145fbbeed3d8b4573"), 
    "uri" : "token", 
    "method" : "get", 
    "params" : null, 
    "api_key" : "", 
    "ip_address" : "192.168.1.65", 
    "time" : NumberLong(1518080785), 
    "authorized" : true
}
{ 
    "_id" : ObjectId("5a7c131145fbbeed3d8b4574"), 
    "uri" : "token", 
    "method" : "get", 
    "params" : null, 
    "api_key" : "", 
    "ip_address" : "192.168.1.65", 
    "time" : NumberLong(1518080785), 
    "authorized" : true
}
{ 
    "_id" : ObjectId("5a7c131245fbbeed3d8b4575"), 
    "uri" : "token", 
    "method" : "get", 
    "params" : null, 
    "api_key" : "", 
    "ip_address" : "192.168.1.65", 
    "time" : NumberLong(1518080786), 
    "authorized" : true
}
{ 
    "_id" : ObjectId("5a7c131245fbbeed3d8b4576"), 
    "uri" : "token", 
    "method" : "get", 
    "params" : null, 
    "api_key" : "", 
    "ip_address" : "192.168.1.65", 
    "time" : NumberLong(1518080786), 
    "authorized" : true
}
{ 
    "_id" : ObjectId("5a7c131245fbbeed3d8b4577"), 
    "uri" : "token", 
    "method" : "get", 
    "params" : null, 
    "api_key" : "", 
    "ip_address" : "192.168.1.65", 
    "time" : NumberLong(1518080786), 
    "authorized" : true
}
{ 
    "_id" : ObjectId("5a7c132145fbbea6268b4575"), 
    "uri" : "token", 
    "method" : "get", 
    "params" : null, 
    "api_key" : "", 
    "ip_address" : "192.168.1.65", 
    "time" : NumberLong(1518080801), 
    "authorized" : true
}
{ 
    "_id" : ObjectId("5a7c132245fbbea6268b4576"), 
    "uri" : "token", 
    "method" : "get", 
    "params" : null, 
    "api_key" : "", 
    "ip_address" : "192.168.1.65", 
    "time" : NumberLong(1518080802), 
    "authorized" : true
}
{ 
    "_id" : ObjectId("5a7c132345fbbea6268b4577"), 
    "uri" : "token", 
    "method" : "get", 
    "params" : null, 
    "api_key" : "", 
    "ip_address" : "192.168.1.65", 
    "time" : NumberLong(1518080803), 
    "authorized" : true
}
{ 
    "_id" : ObjectId("5a7c132345fbbea6268b4578"), 
    "uri" : "token", 
    "method" : "get", 
    "params" : null, 
    "api_key" : "", 
    "ip_address" : "192.168.1.65", 
    "time" : NumberLong(1518080803), 
    "authorized" : true
}
{ 
    "_id" : ObjectId("5a7c132345fbbea6268b4579"), 
    "uri" : "token", 
    "method" : "get", 
    "params" : null, 
    "api_key" : "", 
    "ip_address" : "192.168.1.65", 
    "time" : NumberLong(1518080803), 
    "authorized" : true
}
{ 
    "_id" : ObjectId("5a7c132945fbbedf268b4578"), 
    "uri" : "token", 
    "method" : "get", 
    "params" : null, 
    "api_key" : "", 
    "ip_address" : "192.168.1.65", 
    "time" : NumberLong(1518080809), 
    "authorized" : true
}
{ 
    "_id" : ObjectId("5a7c132a45fbbedf268b4579"), 
    "uri" : "token", 
    "method" : "get", 
    "params" : null, 
    "api_key" : "", 
    "ip_address" : "192.168.1.65", 
    "time" : NumberLong(1518080810), 
    "authorized" : true
}
{ 
    "_id" : ObjectId("5a7c132b45fbbedf268b457a"), 
    "uri" : "token", 
    "method" : "get", 
    "params" : null, 
    "api_key" : "", 
    "ip_address" : "192.168.1.65", 
    "time" : NumberLong(1518080811), 
    "authorized" : true
}
{ 
    "_id" : ObjectId("5a7c132b45fbbedf268b457b"), 
    "uri" : "token", 
    "method" : "get", 
    "params" : null, 
    "api_key" : "", 
    "ip_address" : "192.168.1.65", 
    "time" : NumberLong(1518080811), 
    "authorized" : true
}
{ 
    "_id" : ObjectId("5a7c132b45fbbedf268b457c"), 
    "uri" : "token", 
    "method" : "get", 
    "params" : null, 
    "api_key" : "", 
    "ip_address" : "192.168.1.65", 
    "time" : NumberLong(1518080811), 
    "authorized" : true
}
{ 
    "_id" : ObjectId("5a7c133245fbbea3268b456e"), 
    "uri" : "token", 
    "method" : "get", 
    "params" : null, 
    "api_key" : "", 
    "ip_address" : "192.168.1.65", 
    "time" : NumberLong(1518080818), 
    "authorized" : true
}
{ 
    "_id" : ObjectId("5a7c133945fbbe0a3e8b4570"), 
    "uri" : "token", 
    "method" : "get", 
    "params" : null, 
    "api_key" : "", 
    "ip_address" : "192.168.1.65", 
    "time" : NumberLong(1518080825), 
    "authorized" : true
}
{ 
    "_id" : ObjectId("5a7c134245fbbeed3d8b4578"), 
    "uri" : "token", 
    "method" : "get", 
    "params" : null, 
    "api_key" : "", 
    "ip_address" : "192.168.1.65", 
    "time" : NumberLong(1518080834), 
    "authorized" : true
}
{ 
    "_id" : ObjectId("5a7c134a45fbbea6268b457a"), 
    "uri" : "token", 
    "method" : "get", 
    "params" : null, 
    "api_key" : "", 
    "ip_address" : "192.168.1.65", 
    "time" : NumberLong(1518080842), 
    "authorized" : true
}
{ 
    "_id" : ObjectId("5a7c135a45fbbea4268b4570"), 
    "uri" : "token", 
    "method" : "get", 
    "params" : null, 
    "api_key" : "", 
    "ip_address" : "192.168.1.65", 
    "time" : NumberLong(1518080858), 
    "authorized" : true
}
{ 
    "_id" : ObjectId("5a7c135b45fbbea4268b4571"), 
    "uri" : "token", 
    "method" : "get", 
    "params" : null, 
    "api_key" : "", 
    "ip_address" : "192.168.1.65", 
    "time" : NumberLong(1518080859), 
    "authorized" : true
}
{ 
    "_id" : ObjectId("5a7c135b45fbbea4268b4572"), 
    "uri" : "token", 
    "method" : "get", 
    "params" : null, 
    "api_key" : "", 
    "ip_address" : "192.168.1.65", 
    "time" : NumberLong(1518080859), 
    "authorized" : true
}
{ 
    "_id" : ObjectId("5a7c135b45fbbea4268b4573"), 
    "uri" : "token", 
    "method" : "get", 
    "params" : null, 
    "api_key" : "", 
    "ip_address" : "192.168.1.65", 
    "time" : NumberLong(1518080859), 
    "authorized" : true
}
{ 
    "_id" : ObjectId("5a7c136345fbbe0b3e8b4572"), 
    "uri" : "token", 
    "method" : "get", 
    "params" : null, 
    "api_key" : "", 
    "ip_address" : "192.168.1.65", 
    "time" : NumberLong(1518080867), 
    "authorized" : true
}
{ 
    "_id" : ObjectId("5a7c136445fbbe0b3e8b4573"), 
    "uri" : "token", 
    "method" : "get", 
    "params" : null, 
    "api_key" : "", 
    "ip_address" : "192.168.1.65", 
    "time" : NumberLong(1518080868), 
    "authorized" : true
}
{ 
    "_id" : ObjectId("5a7c136445fbbe0b3e8b4574"), 
    "uri" : "token", 
    "method" : "get", 
    "params" : null, 
    "api_key" : "", 
    "ip_address" : "192.168.1.65", 
    "time" : NumberLong(1518080868), 
    "authorized" : true
}
{ 
    "_id" : ObjectId("5a7c136445fbbe0b3e8b4575"), 
    "uri" : "token", 
    "method" : "get", 
    "params" : null, 
    "api_key" : "", 
    "ip_address" : "192.168.1.65", 
    "time" : NumberLong(1518080868), 
    "authorized" : true
}
{ 
    "_id" : ObjectId("5a7c136f45fbbea5268b456e"), 
    "uri" : "token", 
    "method" : "get", 
    "params" : null, 
    "api_key" : "", 
    "ip_address" : "192.168.1.65", 
    "time" : NumberLong(1518080879), 
    "authorized" : true
}
{ 
    "_id" : ObjectId("5a7c137245fbbeae268b4573"), 
    "uri" : "token", 
    "method" : "get", 
    "params" : null, 
    "api_key" : "", 
    "ip_address" : "192.168.1.65", 
    "time" : NumberLong(1518080882), 
    "authorized" : true
}
{ 
    "_id" : ObjectId("5a7c138945fbbe4d538b4572"), 
    "uri" : "token", 
    "method" : "get", 
    "params" : null, 
    "api_key" : "", 
    "ip_address" : "192.168.1.65", 
    "time" : NumberLong(1518080905), 
    "authorized" : true
}
{ 
    "_id" : ObjectId("5a7c138a45fbbe4d538b4573"), 
    "uri" : "token", 
    "method" : "get", 
    "params" : null, 
    "api_key" : "", 
    "ip_address" : "192.168.1.65", 
    "time" : NumberLong(1518080906), 
    "authorized" : true
}
{ 
    "_id" : ObjectId("5a7c138a45fbbedf268b457d"), 
    "uri" : "token", 
    "method" : "get", 
    "params" : null, 
    "api_key" : "", 
    "ip_address" : "192.168.1.65", 
    "time" : NumberLong(1518080906), 
    "authorized" : true
}
{ 
    "_id" : ObjectId("5a7c138b45fbbedf268b457e"), 
    "uri" : "token", 
    "method" : "get", 
    "params" : null, 
    "api_key" : "", 
    "ip_address" : "192.168.1.65", 
    "time" : NumberLong(1518080907), 
    "authorized" : true
}
{ 
    "_id" : ObjectId("5a7c138b45fbbedf268b457f"), 
    "uri" : "token", 
    "method" : "get", 
    "params" : null, 
    "api_key" : "", 
    "ip_address" : "192.168.1.65", 
    "time" : NumberLong(1518080907), 
    "authorized" : true
}
{ 
    "_id" : ObjectId("5a7c138b45fbbedf268b4580"), 
    "uri" : "token", 
    "method" : "get", 
    "params" : null, 
    "api_key" : "", 
    "ip_address" : "192.168.1.65", 
    "time" : NumberLong(1518080907), 
    "authorized" : true
}
{ 
    "_id" : ObjectId("5a7c138b45fbbedf268b4581"), 
    "uri" : "token", 
    "method" : "get", 
    "params" : null, 
    "api_key" : "", 
    "ip_address" : "192.168.1.65", 
    "time" : NumberLong(1518080907), 
    "authorized" : true
}
{ 
    "_id" : ObjectId("5a7c162145fbbe0a3e8b4571"), 
    "uri" : "token", 
    "method" : "get", 
    "params" : null, 
    "api_key" : "", 
    "ip_address" : "192.168.1.65", 
    "time" : NumberLong(1518081569), 
    "authorized" : true
}
{ 
    "_id" : ObjectId("5a7c162945fbbeed3d8b4579"), 
    "uri" : "token", 
    "method" : "get", 
    "params" : null, 
    "api_key" : "", 
    "ip_address" : "192.168.1.65", 
    "time" : NumberLong(1518081577), 
    "authorized" : true
}
{ 
    "_id" : ObjectId("5a7c16bc45fbbe0b3e8b4576"), 
    "uri" : "token", 
    "method" : "get", 
    "params" : null, 
    "api_key" : "", 
    "ip_address" : "192.168.1.65", 
    "time" : NumberLong(1518081724), 
    "authorized" : true
}
{ 
    "_id" : ObjectId("5a7c16bc45fbbea5268b456f"), 
    "uri" : "token/create", 
    "method" : "get", 
    "params" : "a:1:{s:5:\"param\";s:4:\"null\";}", 
    "api_key" : "", 
    "ip_address" : "192.168.1.221", 
    "time" : NumberLong(1518081724), 
    "authorized" : true
}
{ 
    "_id" : ObjectId("5a7c16c545fbbeae268b4574"), 
    "uri" : "token/create", 
    "method" : "get", 
    "params" : "a:1:{s:5:\"param\";s:38:\"{\"param\":\"{\\\"account\\\":\\\"VNP08R22\\\"}\"}\";}", 
    "api_key" : "", 
    "ip_address" : "192.168.1.221", 
    "time" : NumberLong(1518081733), 
    "authorized" : true
}
{ 
    "_id" : ObjectId("5a7c16d945fbbea4268b4574"), 
    "uri" : "token/create", 
    "method" : "get", 
    "params" : "a:1:{s:5:\"param\";s:38:\"{\"param\":\"{\\\"account\\\":\\\"VNP08R22\\\"}\"}\";}", 
    "api_key" : "", 
    "ip_address" : "192.168.1.221", 
    "time" : NumberLong(1518081753), 
    "authorized" : true
}
{ 
    "_id" : ObjectId("5a7c170f45fbbea3268b456f"), 
    "uri" : "token", 
    "method" : "get", 
    "params" : null, 
    "api_key" : "", 
    "ip_address" : "192.168.1.65", 
    "time" : NumberLong(1518081807), 
    "authorized" : true
}
{ 
    "_id" : ObjectId("5a7c171145fbbea5268b4570"), 
    "uri" : "token/create", 
    "method" : "get", 
    "params" : "a:1:{s:5:\"param\";s:38:\"{\"param\":\"{\\\"account\\\":\\\"VNP08R22\\\"}\"}\";}", 
    "api_key" : "", 
    "ip_address" : "192.168.1.221", 
    "time" : NumberLong(1518081809), 
    "authorized" : true
}
{ 
    "_id" : ObjectId("5a7c172045fbbeae268b4575"), 
    "uri" : "token/create", 
    "method" : "get", 
    "params" : "a:1:{s:5:\"param\";s:38:\"{\"param\":\"{\\\"account\\\":\\\"VNP08R22\\\"}\"}\";}", 
    "api_key" : "", 
    "ip_address" : "192.168.1.221", 
    "time" : NumberLong(1518081824), 
    "authorized" : true
}
{ 
    "_id" : ObjectId("5a7c173745fbbea4268b4575"), 
    "uri" : "token/create", 
    "method" : "get", 
    "params" : "a:1:{s:5:\"param\";s:22:\"{\"account\":\"VNP08R22\"}\";}", 
    "api_key" : "", 
    "ip_address" : "192.168.1.221", 
    "time" : NumberLong(1518081847), 
    "authorized" : true
}
{ 
    "_id" : ObjectId("5a7c175145fbbea5268b4571"), 
    "uri" : "token/create", 
    "method" : "get", 
    "params" : "a:1:{s:5:\"param\";s:22:\"{\"account\":\"VNP08R22\"}\";}", 
    "api_key" : "", 
    "ip_address" : "192.168.1.221", 
    "time" : NumberLong(1518081873), 
    "authorized" : true
}
{ 
    "_id" : ObjectId("5a7c17ca45fbbea6268b457b"), 
    "uri" : "token/create", 
    "method" : "get", 
    "params" : "a:1:{s:5:\"param\";s:22:\"{\"account\":\"VNP08R22\"}\";}", 
    "api_key" : "", 
    "ip_address" : "192.168.1.221", 
    "time" : NumberLong(1518081994), 
    "authorized" : true
}
{ 
    "_id" : ObjectId("5a7c17cd45fbbeed3d8b457a"), 
    "uri" : "token/create", 
    "method" : "get", 
    "params" : "a:1:{s:5:\"param\";s:22:\"{\"account\":\"VNP08R22\"}\";}", 
    "api_key" : "", 
    "ip_address" : "192.168.1.221", 
    "time" : NumberLong(1518081997), 
    "authorized" : true
}
{ 
    "_id" : ObjectId("5a7c17df45fbbea3268b4570"), 
    "uri" : "token", 
    "method" : "get", 
    "params" : null, 
    "api_key" : "", 
    "ip_address" : "192.168.1.65", 
    "time" : NumberLong(1518082015), 
    "authorized" : true
}
{ 
    "_id" : ObjectId("5a7c184d45fbbea6268b457c"), 
    "uri" : "token/create", 
    "method" : "get", 
    "params" : "a:1:{s:5:\"param\";s:22:\"{\"account\":\"VNP08R22\"}\";}", 
    "api_key" : "", 
    "ip_address" : "192.168.1.221", 
    "time" : NumberLong(1518082125), 
    "authorized" : true
}
{ 
    "_id" : ObjectId("5a7c18e345fbbea5268b4572"), 
    "uri" : "token/create", 
    "method" : "get", 
    "params" : "a:1:{s:5:\"param\";s:22:\"{\"account\":\"VNP08R22\"}\";}", 
    "api_key" : "", 
    "ip_address" : "192.168.1.221", 
    "time" : NumberLong(1518082275), 
    "authorized" : true
}
{ 
    "_id" : ObjectId("5a7c18e545fbbea6268b457d"), 
    "uri" : "token/create", 
    "method" : "get", 
    "params" : "a:1:{s:5:\"param\";s:22:\"{\"account\":\"VNP08R22\"}\";}", 
    "api_key" : "", 
    "ip_address" : "192.168.1.221", 
    "time" : NumberLong(1518082277), 
    "authorized" : true
}
{ 
    "_id" : ObjectId("5a7c18e645fbbea3268b4571"), 
    "uri" : "token", 
    "method" : "get", 
    "params" : null, 
    "api_key" : "", 
    "ip_address" : "192.168.1.65", 
    "time" : NumberLong(1518082278), 
    "authorized" : true
}
{ 
    "_id" : ObjectId("5a7c18f045fbbe0b3e8b4577"), 
    "uri" : "token", 
    "method" : "get", 
    "params" : null, 
    "api_key" : "", 
    "ip_address" : "192.168.1.65", 
    "time" : NumberLong(1518082288), 
    "authorized" : true
}
{ 
    "_id" : ObjectId("5a7c18f145fbbeae268b4576"), 
    "uri" : "token/create", 
    "method" : "get", 
    "params" : "a:1:{s:5:\"param\";s:22:\"{\"account\":\"VNP08R22\"}\";}", 
    "api_key" : "", 
    "ip_address" : "192.168.1.221", 
    "time" : NumberLong(1518082289), 
    "authorized" : true
}
{ 
    "_id" : ObjectId("5a7c198545fbbea5268b4573"), 
    "uri" : "token/create", 
    "method" : "get", 
    "params" : "a:1:{s:5:\"param\";s:22:\"{\"account\":\"VNP08R22\"}\";}", 
    "api_key" : "", 
    "ip_address" : "192.168.1.221", 
    "time" : NumberLong(1518082437), 
    "authorized" : true
}
{ 
    "_id" : ObjectId("5a7c19f345fbbea3268b4572"), 
    "uri" : "token/create", 
    "method" : "get", 
    "params" : "a:1:{s:5:\"param\";s:22:\"{\"account\":\"VNP08R22\"}\";}", 
    "api_key" : "", 
    "ip_address" : "192.168.1.221", 
    "time" : NumberLong(1518082547), 
    "authorized" : true
}
{ 
    "_id" : ObjectId("5a7c1e5f45fbbea4268b4576"), 
    "uri" : "token/create", 
    "method" : "get", 
    "params" : "a:1:{s:5:\"param\";s:22:\"{\"account\":\"VNP08R22\"}\";}", 
    "api_key" : "", 
    "ip_address" : "192.168.1.221", 
    "time" : NumberLong(1518083679), 
    "authorized" : true
}
{ 
    "_id" : ObjectId("5a7c209345fbbe0a3e8b4572"), 
    "uri" : "token/create", 
    "method" : "get", 
    "params" : "a:1:{s:5:\"param\";s:22:\"{\"account\":\"VNP08R22\"}\";}", 
    "api_key" : "", 
    "ip_address" : "192.168.1.221", 
    "time" : NumberLong(1518084243), 
    "authorized" : true
}
{ 
    "_id" : ObjectId("5a7c209545fbbe0b3e8b4578"), 
    "uri" : "token", 
    "method" : "get", 
    "params" : null, 
    "api_key" : "", 
    "ip_address" : "192.168.1.65", 
    "time" : NumberLong(1518084245), 
    "authorized" : true
}
{ 
    "_id" : ObjectId("5a7c57d5e7be762033000029"), 
    "uri" : "", 
    "method" : "get", 
    "params" : null, 
    "api_key" : "", 
    "ip_address" : "127.0.0.1", 
    "time" : NumberInt(1518098389), 
    "authorized" : true
}
{ 
    "_id" : ObjectId("5a7c5820e7be761c33000029"), 
    "uri" : "", 
    "method" : "get", 
    "params" : null, 
    "api_key" : "", 
    "ip_address" : "127.0.0.1", 
    "time" : NumberInt(1518098464), 
    "authorized" : true
}
{ 
    "_id" : ObjectId("5a7c5826e7be761c3300002a"), 
    "uri" : "token", 
    "method" : "get", 
    "params" : null, 
    "api_key" : "", 
    "ip_address" : "127.0.0.1", 
    "time" : NumberInt(1518098470), 
    "authorized" : true
}
{ 
    "_id" : ObjectId("5a7cd74be7be769833000029"), 
    "uri" : "", 
    "method" : "get", 
    "params" : null, 
    "api_key" : "", 
    "ip_address" : "127.0.0.1", 
    "time" : NumberInt(1518131019), 
    "authorized" : true
}
{ 
    "_id" : ObjectId("5a7cd81ce7be76203300002a"), 
    "uri" : "", 
    "method" : "get", 
    "params" : null, 
    "api_key" : "", 
    "ip_address" : "127.0.0.1", 
    "time" : NumberInt(1518131228), 
    "authorized" : true
}
{ 
    "_id" : ObjectId("5a7cd823e7be769c33000029"), 
    "uri" : "token", 
    "method" : "get", 
    "params" : null, 
    "api_key" : "", 
    "ip_address" : "127.0.0.1", 
    "time" : NumberInt(1518131235), 
    "authorized" : true
}
{ 
    "_id" : ObjectId("5a7d52e645fbbeed3d8b4583"), 
    "uri" : "token/create", 
    "method" : "get", 
    "params" : "a:1:{s:5:\"param\";s:22:\"{\"account\":\"VNP08R22\"}\";}", 
    "api_key" : "", 
    "ip_address" : "192.168.1.221", 
    "time" : NumberLong(1518162662), 
    "authorized" : true
}
{ 
    "_id" : ObjectId("5a7d52ea45fbbea4268b4579"), 
    "uri" : "token", 
    "method" : "get", 
    "params" : null, 
    "api_key" : "", 
    "ip_address" : "192.168.1.65", 
    "time" : NumberLong(1518162666), 
    "authorized" : true
}
{ 
    "_id" : ObjectId("5a7d535d45fbbe4d538b457b"), 
    "uri" : "token", 
    "method" : "get", 
    "params" : null, 
    "api_key" : "", 
    "ip_address" : "192.168.1.65", 
    "time" : NumberLong(1518162781), 
    "authorized" : true
}
{ 
    "_id" : ObjectId("5a7d536245fbbe4d538b457c"), 
    "uri" : "token/create", 
    "method" : "get", 
    "params" : "a:1:{s:5:\"param\";s:1:\"1\";}", 
    "api_key" : "", 
    "ip_address" : "192.168.1.65", 
    "time" : NumberLong(1518162786), 
    "authorized" : true
}
{ 
    "_id" : ObjectId("5a7d53f045fbbe0a3e8b4575"), 
    "uri" : "token/create", 
    "method" : "get", 
    "params" : "a:1:{s:5:\"param\";s:1:\"1\";}", 
    "api_key" : "", 
    "ip_address" : "192.168.1.65", 
    "time" : NumberLong(1518162928), 
    "authorized" : true
}
{ 
    "_id" : ObjectId("5a7d53f245fbbeae268b4577"), 
    "uri" : "token/create", 
    "method" : "get", 
    "params" : "a:1:{s:5:\"param\";s:22:\"{\"account\":\"VNP08R22\"}\";}", 
    "api_key" : "", 
    "ip_address" : "192.168.1.221", 
    "time" : NumberLong(1518162930), 
    "authorized" : true
}
{ 
    "_id" : ObjectId("5a7d55bb45fbbe0b3e8b457f"), 
    "uri" : "token/create", 
    "method" : "get", 
    "params" : "a:1:{s:5:\"param\";s:22:\"{\"account\":\"VNP08R22\"}\";}", 
    "api_key" : "", 
    "ip_address" : "192.168.1.221", 
    "time" : NumberLong(1518163387), 
    "authorized" : true
}
{ 
    "_id" : ObjectId("5a7d55f145fbbea4268b457a"), 
    "uri" : "token/create", 
    "method" : "get", 
    "params" : "a:1:{s:5:\"param\";s:22:\"{\"account\":\"VNP08R22\"}\";}", 
    "api_key" : "", 
    "ip_address" : "192.168.1.221", 
    "time" : NumberLong(1518163441), 
    "authorized" : true
}
{ 
    "_id" : ObjectId("5a7d560045fbbeae268b4578"), 
    "uri" : "token/create", 
    "method" : "get", 
    "params" : "a:1:{s:5:\"param\";s:22:\"{\"account\":\"VNP08R22\"}\";}", 
    "api_key" : "", 
    "ip_address" : "192.168.1.221", 
    "time" : NumberLong(1518163456), 
    "authorized" : true
}
{ 
    "_id" : ObjectId("5a7d560145fbbe0a3e8b4576"), 
    "uri" : "token/create", 
    "method" : "get", 
    "params" : "a:1:{s:5:\"param\";s:22:\"{\"account\":\"VNP08R22\"}\";}", 
    "api_key" : "", 
    "ip_address" : "192.168.1.221", 
    "time" : NumberLong(1518163457), 
    "authorized" : true
}
{ 
    "_id" : ObjectId("5a7d560245fbbedf268b4586"), 
    "uri" : "token/create", 
    "method" : "get", 
    "params" : "a:1:{s:5:\"param\";s:22:\"{\"account\":\"VNP08R22\"}\";}", 
    "api_key" : "", 
    "ip_address" : "192.168.1.221", 
    "time" : NumberLong(1518163458), 
    "authorized" : true
}
{ 
    "_id" : ObjectId("5a7d560345fbbe0b3e8b4581"), 
    "uri" : "token/create", 
    "method" : "get", 
    "params" : "a:1:{s:5:\"param\";s:22:\"{\"account\":\"VNP08R22\"}\";}", 
    "api_key" : "", 
    "ip_address" : "192.168.1.221", 
    "time" : NumberLong(1518163459), 
    "authorized" : true
}
{ 
    "_id" : ObjectId("5a7d560345fbbeed3d8b4584"), 
    "uri" : "token/create", 
    "method" : "get", 
    "params" : "a:1:{s:5:\"param\";s:22:\"{\"account\":\"VNP08R22\"}\";}", 
    "api_key" : "", 
    "ip_address" : "192.168.1.221", 
    "time" : NumberLong(1518163459), 
    "authorized" : true
}
{ 
    "_id" : ObjectId("5a7d564745fbbea6268b4580"), 
    "uri" : "token/create", 
    "method" : "get", 
    "params" : "a:1:{s:5:\"param\";s:22:\"{\"account\":\"VNP08R22\"}\";}", 
    "api_key" : "", 
    "ip_address" : "192.168.1.221", 
    "time" : NumberLong(1518163527), 
    "authorized" : true
}
{ 
    "_id" : ObjectId("5a7d567445fbbedf268b4588"), 
    "uri" : "token/create", 
    "method" : "get", 
    "params" : "a:1:{s:5:\"param\";s:22:\"{\"account\":\"VNP08R22\"}\";}", 
    "api_key" : "", 
    "ip_address" : "192.168.1.221", 
    "time" : NumberLong(1518163572), 
    "authorized" : true
}
{ 
    "_id" : ObjectId("5a7d568c45fbbea3268b4577"), 
    "uri" : "token/create", 
    "method" : "get", 
    "params" : "a:1:{s:5:\"param\";s:22:\"{\"account\":\"VNP08R22\"}\";}", 
    "api_key" : "", 
    "ip_address" : "192.168.1.221", 
    "time" : NumberLong(1518163596), 
    "authorized" : true
}
{ 
    "_id" : ObjectId("5a7d570045fbbea6268b4582"), 
    "uri" : "token/create", 
    "method" : "get", 
    "params" : "a:1:{s:5:\"param\";s:22:\"{\"account\":\"VNP08R22\"}\";}", 
    "api_key" : "", 
    "ip_address" : "192.168.1.221", 
    "time" : NumberLong(1518163712), 
    "authorized" : true
}
{ 
    "_id" : ObjectId("5a7d571f45fbbe0b3e8b4583"), 
    "uri" : "token/create", 
    "method" : "get", 
    "params" : "a:1:{s:5:\"param\";s:22:\"{\"account\":\"VNP08R22\"}\";}", 
    "api_key" : "", 
    "ip_address" : "192.168.1.221", 
    "time" : NumberLong(1518163743), 
    "authorized" : true
}
{ 
    "_id" : ObjectId("5a7d572345fbbe0a3e8b4578"), 
    "uri" : "token/create", 
    "method" : "get", 
    "params" : "a:1:{s:5:\"param\";s:22:\"{\"account\":\"VNP08R22\"}\";}", 
    "api_key" : "", 
    "ip_address" : "192.168.1.221", 
    "time" : NumberLong(1518163747), 
    "authorized" : true
}
{ 
    "_id" : ObjectId("5a7d572445fbbea3268b4579"), 
    "uri" : "token/create", 
    "method" : "get", 
    "params" : "a:1:{s:5:\"param\";s:22:\"{\"account\":\"VNP08R22\"}\";}", 
    "api_key" : "", 
    "ip_address" : "192.168.1.221", 
    "time" : NumberLong(1518163748), 
    "authorized" : true
}
{ 
    "_id" : ObjectId("5a7d572545fbbea5268b457c"), 
    "uri" : "token/create", 
    "method" : "get", 
    "params" : "a:1:{s:5:\"param\";s:22:\"{\"account\":\"VNP08R22\"}\";}", 
    "api_key" : "", 
    "ip_address" : "192.168.1.221", 
    "time" : NumberLong(1518163749), 
    "authorized" : true
}
{ 
    "_id" : ObjectId("5a7d572645fbbeed3d8b4586"), 
    "uri" : "token/create", 
    "method" : "get", 
    "params" : "a:1:{s:5:\"param\";s:22:\"{\"account\":\"VNP08R22\"}\";}", 
    "api_key" : "", 
    "ip_address" : "192.168.1.221", 
    "time" : NumberLong(1518163750), 
    "authorized" : true
}
{ 
    "_id" : ObjectId("5a7d572645fbbea6268b4584"), 
    "uri" : "token/create", 
    "method" : "get", 
    "params" : "a:1:{s:5:\"param\";s:22:\"{\"account\":\"VNP08R22\"}\";}", 
    "api_key" : "", 
    "ip_address" : "192.168.1.221", 
    "time" : NumberLong(1518163750), 
    "authorized" : true
}
{ 
    "_id" : ObjectId("5a7d572745fbbeae268b457a"), 
    "uri" : "token/create", 
    "method" : "get", 
    "params" : "a:1:{s:5:\"param\";s:22:\"{\"account\":\"VNP08R22\"}\";}", 
    "api_key" : "", 
    "ip_address" : "192.168.1.221", 
    "time" : NumberLong(1518163751), 
    "authorized" : true
}
{ 
    "_id" : ObjectId("5a7d572a45fbbe0b3e8b4585"), 
    "uri" : "token/create", 
    "method" : "get", 
    "params" : "a:1:{s:5:\"param\";s:22:\"{\"account\":\"VNP08R22\"}\";}", 
    "api_key" : "", 
    "ip_address" : "192.168.1.221", 
    "time" : NumberLong(1518163754), 
    "authorized" : true
}
{ 
    "_id" : ObjectId("5a7d572b45fbbe0a3e8b457a"), 
    "uri" : "token/create", 
    "method" : "get", 
    "params" : "a:1:{s:5:\"param\";s:22:\"{\"account\":\"VNP08R22\"}\";}", 
    "api_key" : "", 
    "ip_address" : "192.168.1.221", 
    "time" : NumberLong(1518163755), 
    "authorized" : true
}
{ 
    "_id" : ObjectId("5a7d572b45fbbea3268b457b"), 
    "uri" : "token/create", 
    "method" : "get", 
    "params" : "a:1:{s:5:\"param\";s:22:\"{\"account\":\"VNP08R22\"}\";}", 
    "api_key" : "", 
    "ip_address" : "192.168.1.221", 
    "time" : NumberLong(1518163755), 
    "authorized" : true
}
{ 
    "_id" : ObjectId("5a7d572c45fbbea5268b457e"), 
    "uri" : "token/create", 
    "method" : "get", 
    "params" : "a:1:{s:5:\"param\";s:22:\"{\"account\":\"VNP08R22\"}\";}", 
    "api_key" : "", 
    "ip_address" : "192.168.1.221", 
    "time" : NumberLong(1518163756), 
    "authorized" : true
}
{ 
    "_id" : ObjectId("5a7d572d45fbbeed3d8b4588"), 
    "uri" : "token/create", 
    "method" : "get", 
    "params" : "a:1:{s:5:\"param\";s:22:\"{\"account\":\"VNP08R22\"}\";}", 
    "api_key" : "", 
    "ip_address" : "192.168.1.221", 
    "time" : NumberLong(1518163757), 
    "authorized" : true
}
{ 
    "_id" : ObjectId("5a7d572e45fbbea6268b4586"), 
    "uri" : "token/create", 
    "method" : "get", 
    "params" : "a:1:{s:5:\"param\";s:22:\"{\"account\":\"VNP08R22\"}\";}", 
    "api_key" : "", 
    "ip_address" : "192.168.1.221", 
    "time" : NumberLong(1518163758), 
    "authorized" : true
}
{ 
    "_id" : ObjectId("5a7d572f45fbbeae268b457c"), 
    "uri" : "token/create", 
    "method" : "get", 
    "params" : "a:1:{s:5:\"param\";s:22:\"{\"account\":\"VNP08R22\"}\";}", 
    "api_key" : "", 
    "ip_address" : "192.168.1.221", 
    "time" : NumberLong(1518163759), 
    "authorized" : true
}
{ 
    "_id" : ObjectId("5a7d573045fbbea4268b457c"), 
    "uri" : "token/create", 
    "method" : "get", 
    "params" : "a:1:{s:5:\"param\";s:22:\"{\"account\":\"VNP08R22\"}\";}", 
    "api_key" : "", 
    "ip_address" : "192.168.1.221", 
    "time" : NumberLong(1518163760), 
    "authorized" : true
}
{ 
    "_id" : ObjectId("5a7d573045fbbedf268b458a"), 
    "uri" : "token/create", 
    "method" : "get", 
    "params" : "a:1:{s:5:\"param\";s:22:\"{\"account\":\"VNP08R22\"}\";}", 
    "api_key" : "", 
    "ip_address" : "192.168.1.221", 
    "time" : NumberLong(1518163760), 
    "authorized" : true
}
{ 
    "_id" : ObjectId("5a7d573145fbbe0b3e8b4587"), 
    "uri" : "token/create", 
    "method" : "get", 
    "params" : "a:1:{s:5:\"param\";s:22:\"{\"account\":\"VNP08R22\"}\";}", 
    "api_key" : "", 
    "ip_address" : "192.168.1.221", 
    "time" : NumberLong(1518163761), 
    "authorized" : true
}
{ 
    "_id" : ObjectId("5a7d578545fbbeed3d8b458a"), 
    "uri" : "token/create", 
    "method" : "get", 
    "params" : "a:1:{s:5:\"param\";s:22:\"{\"account\":\"VNP08R22\"}\";}", 
    "api_key" : "", 
    "ip_address" : "192.168.1.221", 
    "time" : NumberLong(1518163845), 
    "authorized" : true
}
{ 
    "_id" : ObjectId("5a7d578745fbbea6268b4588"), 
    "uri" : "token/create", 
    "method" : "get", 
    "params" : "a:1:{s:5:\"param\";s:22:\"{\"account\":\"VNP08R22\"}\";}", 
    "api_key" : "", 
    "ip_address" : "192.168.1.221", 
    "time" : NumberLong(1518163847), 
    "authorized" : true
}
{ 
    "_id" : ObjectId("5a7d57d445fbbea4268b457e"), 
    "uri" : "token/create", 
    "method" : "get", 
    "params" : "a:1:{s:5:\"param\";s:1:\"1\";}", 
    "api_key" : "", 
    "ip_address" : "192.168.1.65", 
    "time" : NumberLong(1518163924), 
    "authorized" : true
}
{ 
    "_id" : ObjectId("5a7d580c45fbbe0b3e8b4589"), 
    "uri" : "token/create", 
    "method" : "get", 
    "params" : "a:1:{s:5:\"param\";s:1:\"1\";}", 
    "api_key" : "", 
    "ip_address" : "192.168.1.65", 
    "time" : NumberLong(1518163980), 
    "authorized" : true
}
{ 
    "_id" : ObjectId("5a7d66f845fbbeae268b457e"), 
    "uri" : "", 
    "method" : "get", 
    "params" : null, 
    "api_key" : "", 
    "ip_address" : "192.168.1.65", 
    "time" : NumberLong(1518167800), 
    "authorized" : true
}
{ 
    "_id" : ObjectId("5a7d67e045fbbea4268b4580"), 
    "uri" : "", 
    "method" : "get", 
    "params" : null, 
    "api_key" : "", 
    "ip_address" : "192.168.1.65", 
    "time" : NumberLong(1518168032), 
    "authorized" : true
}
{ 
    "_id" : ObjectId("5a7d67f345fbbe0b3e8b458b"), 
    "uri" : "", 
    "method" : "get", 
    "params" : null, 
    "api_key" : "", 
    "ip_address" : "192.168.1.65", 
    "time" : NumberLong(1518168051), 
    "authorized" : true
}
{ 
    "_id" : ObjectId("5a7d681e45fbbea4268b4581"), 
    "uri" : "", 
    "method" : "get", 
    "params" : null, 
    "api_key" : "", 
    "ip_address" : "192.168.1.65", 
    "time" : NumberLong(1518168094), 
    "authorized" : true
}
{ 
    "_id" : ObjectId("5a7d683b45fbbe0b3e8b458c"), 
    "uri" : "", 
    "method" : "get", 
    "params" : null, 
    "api_key" : "", 
    "ip_address" : "192.168.1.65", 
    "time" : NumberLong(1518168123), 
    "authorized" : true
}
{ 
    "_id" : ObjectId("5a7d68f045fbbea3268b457d"), 
    "uri" : "token", 
    "method" : "get", 
    "params" : null, 
    "api_key" : "", 
    "ip_address" : "192.168.1.65", 
    "time" : NumberLong(1518168304), 
    "authorized" : true
}
{ 
    "_id" : ObjectId("5a7d690145fbbea5268b4580"), 
    "uri" : "token/create", 
    "method" : "get", 
    "params" : "a:1:{s:5:\"param\";s:22:\"{\"account\":\"VNP08R22\"}\";}", 
    "api_key" : "", 
    "ip_address" : "192.168.1.221", 
    "time" : NumberLong(1518168321), 
    "authorized" : true
}
{ 
    "_id" : ObjectId("5a7d695a45fbbe0a3e8b457c"), 
    "uri" : "token", 
    "method" : "get", 
    "params" : null, 
    "api_key" : "", 
    "ip_address" : "192.168.1.65", 
    "time" : NumberLong(1518168410), 
    "authorized" : true
}
{ 
    "_id" : ObjectId("5a7d695b45fbbe4d538b457d"), 
    "uri" : "token/create", 
    "method" : "get", 
    "params" : "a:1:{s:5:\"param\";s:22:\"{\"account\":\"VNP08R22\"}\";}", 
    "api_key" : "", 
    "ip_address" : "192.168.1.221", 
    "time" : NumberLong(1518168411), 
    "authorized" : true
}
{ 
    "_id" : ObjectId("5a7d696d45fbbea6268b458a"), 
    "uri" : "token/create", 
    "method" : "get", 
    "params" : "a:1:{s:5:\"param\";s:22:\"{\"account\":\"VNP08R22\"}\";}", 
    "api_key" : "", 
    "ip_address" : "192.168.1.221", 
    "time" : NumberLong(1518168429), 
    "authorized" : true
}
{ 
    "_id" : ObjectId("5a7d698645fbbea4268b4582"), 
    "uri" : "token/create", 
    "method" : "get", 
    "params" : "a:1:{s:5:\"param\";s:22:\"{\"account\":\"VNP08R22\"}\";}", 
    "api_key" : "", 
    "ip_address" : "192.168.1.221", 
    "time" : NumberLong(1518168454), 
    "authorized" : true
}
{ 
    "_id" : ObjectId("5a7d698745fbbedf268b458d"), 
    "uri" : "", 
    "method" : "get", 
    "params" : null, 
    "api_key" : "", 
    "ip_address" : "192.168.1.65", 
    "time" : NumberLong(1518168455), 
    "authorized" : true
}
{ 
    "_id" : ObjectId("5a7d698845fbbe4d538b457f"), 
    "uri" : "token/create", 
    "method" : "get", 
    "params" : "a:1:{s:5:\"param\";s:22:\"{\"account\":\"VNP08R22\"}\";}", 
    "api_key" : "", 
    "ip_address" : "192.168.1.221", 
    "time" : NumberLong(1518168456), 
    "authorized" : true
}
{ 
    "_id" : ObjectId("5a7d698a45fbbe0b3e8b458d"), 
    "uri" : "token/create", 
    "method" : "get", 
    "params" : "a:1:{s:5:\"param\";s:22:\"{\"account\":\"VNP08R22\"}\";}", 
    "api_key" : "", 
    "ip_address" : "192.168.1.221", 
    "time" : NumberLong(1518168458), 
    "authorized" : true
}
{ 
    "_id" : ObjectId("5a7d69b845fbbea3268b457e"), 
    "uri" : "token/create", 
    "method" : "get", 
    "params" : "a:1:{s:5:\"param\";s:22:\"{\"account\":\"VNP08R22\"}\";}", 
    "api_key" : "", 
    "ip_address" : "192.168.1.221", 
    "time" : NumberLong(1518168504), 
    "authorized" : true
}
{ 
    "_id" : ObjectId("5a7d6a1345fbbeae268b457f"), 
    "uri" : "token/create", 
    "method" : "get", 
    "params" : "a:1:{s:5:\"param\";s:22:\"{\"account\":\"VNP08R22\"}\";}", 
    "api_key" : "", 
    "ip_address" : "192.168.1.221", 
    "time" : NumberLong(1518168595), 
    "authorized" : true
}
{ 
    "_id" : ObjectId("5a7d6a3745fbbe0a3e8b457d"), 
    "uri" : "token/create", 
    "method" : "get", 
    "params" : "a:1:{s:5:\"param\";s:22:\"{\"account\":\"VNP08R22\"}\";}", 
    "api_key" : "", 
    "ip_address" : "192.168.1.221", 
    "time" : NumberLong(1518168631), 
    "authorized" : true
}
{ 
    "_id" : ObjectId("5a7d6a3945fbbedf268b458e"), 
    "uri" : "token", 
    "method" : "get", 
    "params" : null, 
    "api_key" : "", 
    "ip_address" : "192.168.1.65", 
    "time" : NumberLong(1518168633), 
    "authorized" : true
}
{ 
    "_id" : ObjectId("5a7d6a4645fbbeed3d8b458c"), 
    "uri" : "token/create", 
    "method" : "get", 
    "params" : "a:1:{s:5:\"param\";s:22:\"{\"account\":\"VNP08R22\"}\";}", 
    "api_key" : "", 
    "ip_address" : "192.168.1.221", 
    "time" : NumberLong(1518168646), 
    "authorized" : true
}
{ 
    "_id" : ObjectId("5a7d6a5445fbbea5268b4582"), 
    "uri" : "token/create", 
    "method" : "get", 
    "params" : "a:1:{s:5:\"param\";s:22:\"{\"account\":\"VNP08R22\"}\";}", 
    "api_key" : "", 
    "ip_address" : "192.168.1.221", 
    "time" : NumberLong(1518168660), 
    "authorized" : true
}
{ 
    "_id" : ObjectId("5a7d6a9645fbbe0a3e8b457f"), 
    "uri" : "token/create", 
    "method" : "get", 
    "params" : "a:1:{s:5:\"param\";s:22:\"{\"account\":\"VNP08R22\"}\";}", 
    "api_key" : "", 
    "ip_address" : "192.168.1.221", 
    "time" : NumberLong(1518168726), 
    "authorized" : true
}
{ 
    "_id" : ObjectId("5a7d6aab45fbbeed3d8b458e"), 
    "uri" : "token/create", 
    "method" : "get", 
    "params" : "a:1:{s:5:\"param\";s:22:\"{\"account\":\"VNP08R22\"}\";}", 
    "api_key" : "", 
    "ip_address" : "192.168.1.221", 
    "time" : NumberLong(1518168747), 
    "authorized" : true
}
{ 
    "_id" : ObjectId("5a7d6aad45fbbedf268b458f"), 
    "uri" : "token", 
    "method" : "get", 
    "params" : null, 
    "api_key" : "", 
    "ip_address" : "192.168.1.65", 
    "time" : NumberLong(1518168749), 
    "authorized" : true
}
{ 
    "_id" : ObjectId("5a7d6ab745fbbea5268b4584"), 
    "uri" : "token/create", 
    "method" : "get", 
    "params" : "a:1:{s:5:\"param\";s:22:\"{\"account\":\"VNP08R22\"}\";}", 
    "api_key" : "", 
    "ip_address" : "192.168.1.221", 
    "time" : NumberLong(1518168759), 
    "authorized" : true
}
{ 
    "_id" : ObjectId("5a7d6ac445fbbe0a3e8b4581"), 
    "uri" : "token/create", 
    "method" : "get", 
    "params" : "a:1:{s:5:\"param\";s:22:\"{\"account\":\"VNP08R22\"}\";}", 
    "api_key" : "", 
    "ip_address" : "192.168.1.221", 
    "time" : NumberLong(1518168772), 
    "authorized" : true
}
{ 
    "_id" : ObjectId("5a7d6adb45fbbeed3d8b4590"), 
    "uri" : "token/create", 
    "method" : "get", 
    "params" : "a:1:{s:5:\"param\";s:22:\"{\"account\":\"VNP08R22\"}\";}", 
    "api_key" : "", 
    "ip_address" : "192.168.1.221", 
    "time" : NumberLong(1518168795), 
    "authorized" : true
}
{ 
    "_id" : ObjectId("5a7d6ae445fbbea5268b4586"), 
    "uri" : "token/create", 
    "method" : "get", 
    "params" : "a:1:{s:5:\"param\";s:22:\"{\"account\":\"VNP08R22\"}\";}", 
    "api_key" : "", 
    "ip_address" : "192.168.1.221", 
    "time" : NumberLong(1518168804), 
    "authorized" : true
}
{ 
    "_id" : ObjectId("5a7d6afd45fbbe0a3e8b4583"), 
    "uri" : "token/create", 
    "method" : "get", 
    "params" : "a:1:{s:5:\"param\";s:22:\"{\"account\":\"VNP08R22\"}\";}", 
    "api_key" : "", 
    "ip_address" : "192.168.1.221", 
    "time" : NumberLong(1518168829), 
    "authorized" : true
}
{ 
    "_id" : ObjectId("5a7d6afe45fbbe4d538b4581"), 
    "uri" : "token/create", 
    "method" : "get", 
    "params" : "a:1:{s:5:\"param\";s:22:\"{\"account\":\"VNP08R22\"}\";}", 
    "api_key" : "", 
    "ip_address" : "192.168.1.221", 
    "time" : NumberLong(1518168830), 
    "authorized" : true
}
{ 
    "_id" : ObjectId("5a7d6b1845fbbe0b3e8b458f"), 
    "uri" : "token/create", 
    "method" : "get", 
    "params" : "a:1:{s:5:\"param\";s:22:\"{\"account\":\"VNP08R22\"}\";}", 
    "api_key" : "", 
    "ip_address" : "192.168.1.221", 
    "time" : NumberLong(1518168856), 
    "authorized" : true
}
{ 
    "_id" : ObjectId("5a7d6b2345fbbea4268b4584"), 
    "uri" : "token/create", 
    "method" : "get", 
    "params" : "a:1:{s:5:\"param\";s:22:\"{\"account\":\"VNP08R22\"}\";}", 
    "api_key" : "", 
    "ip_address" : "192.168.1.221", 
    "time" : NumberLong(1518168867), 
    "authorized" : true
}
{ 
    "_id" : ObjectId("5a7d6b3745fbbe4d538b4583"), 
    "uri" : "token/create", 
    "method" : "get", 
    "params" : "a:1:{s:5:\"param\";s:22:\"{\"account\":\"VNP08R22\"}\";}", 
    "api_key" : "", 
    "ip_address" : "192.168.1.221", 
    "time" : NumberLong(1518168887), 
    "authorized" : true
}
{ 
    "_id" : ObjectId("5a7d6b9d45fbbea6268b458c"), 
    "uri" : "token", 
    "method" : "get", 
    "params" : null, 
    "api_key" : "", 
    "ip_address" : "192.168.1.65", 
    "time" : NumberLong(1518168989), 
    "authorized" : true
}
{ 
    "_id" : ObjectId("5a7d6b9f45fbbe0b3e8b4591"), 
    "uri" : "token/create", 
    "method" : "get", 
    "params" : "a:1:{s:5:\"param\";s:22:\"{\"account\":\"VNP08R22\"}\";}", 
    "api_key" : "", 
    "ip_address" : "192.168.1.221", 
    "time" : NumberLong(1518168991), 
    "authorized" : true
}
{ 
    "_id" : ObjectId("5a7d6bab45fbbea5268b4588"), 
    "uri" : "token/create", 
    "method" : "get", 
    "params" : "a:1:{s:5:\"param\";s:22:\"{\"account\":\"VNP08R22\"}\";}", 
    "api_key" : "", 
    "ip_address" : "192.168.1.221", 
    "time" : NumberLong(1518169003), 
    "authorized" : true
}
{ 
    "_id" : ObjectId("5a7d6bb945fbbeae268b4581"), 
    "uri" : "token/create", 
    "method" : "get", 
    "params" : "a:1:{s:5:\"param\";s:22:\"{\"account\":\"VNP08R22\"}\";}", 
    "api_key" : "", 
    "ip_address" : "192.168.1.221", 
    "time" : NumberLong(1518169017), 
    "authorized" : true
}
{ 
    "_id" : ObjectId("5a7d6e3245fbbea6268b458d"), 
    "uri" : "token/create", 
    "method" : "get", 
    "params" : "a:1:{s:5:\"param\";s:22:\"{\"account\":\"VNP08R22\"}\";}", 
    "api_key" : "", 
    "ip_address" : "192.168.1.221", 
    "time" : NumberLong(1518169650), 
    "authorized" : true
}
{ 
    "_id" : ObjectId("5a7d86ad45fbbea3268b4580"), 
    "uri" : "token/create", 
    "method" : "get", 
    "params" : "a:1:{s:5:\"param\";s:22:\"{\"account\":\"VNP08R22\"}\";}", 
    "api_key" : "", 
    "ip_address" : "192.168.1.221", 
    "time" : NumberLong(1518175917), 
    "authorized" : true
}
{ 
    "_id" : ObjectId("5a7d86af45fbbe0a3e8b4585"), 
    "uri" : "token", 
    "method" : "get", 
    "params" : null, 
    "api_key" : "", 
    "ip_address" : "192.168.1.65", 
    "time" : NumberLong(1518175919), 
    "authorized" : true
}
{ 
    "_id" : ObjectId("5a7d8b7c45fbbeae268b4583"), 
    "uri" : "token/create", 
    "method" : "get", 
    "params" : "a:1:{s:5:\"param\";s:22:\"{\"account\":\"VNP08R22\"}\";}", 
    "api_key" : "", 
    "ip_address" : "192.168.1.221", 
    "time" : NumberLong(1518177148), 
    "authorized" : true
}
{ 
    "_id" : ObjectId("5a7d8cdb45fbbe4d538b4585"), 
    "uri" : "token/create", 
    "method" : "get", 
    "params" : "a:1:{s:5:\"param\";s:22:\"{\"account\":\"VNP08R22\"}\";}", 
    "api_key" : "", 
    "ip_address" : "192.168.1.221", 
    "time" : NumberLong(1518177499), 
    "authorized" : true
}
{ 
    "_id" : ObjectId("5a7d8cea45fbbea3268b4583"), 
    "uri" : "token", 
    "method" : "get", 
    "params" : null, 
    "api_key" : "", 
    "ip_address" : "192.168.1.65", 
    "time" : NumberLong(1518177514), 
    "authorized" : true
}
{ 
    "_id" : ObjectId("5a7d8d2345fbbea5268b458d"), 
    "uri" : "token/create", 
    "method" : "get", 
    "params" : "a:1:{s:5:\"param\";s:22:\"{\"account\":\"VNP08R22\"}\";}", 
    "api_key" : "", 
    "ip_address" : "192.168.1.221", 
    "time" : NumberLong(1518177571), 
    "authorized" : true
}
{ 
    "_id" : ObjectId("5a7d900c45fbbe0a3e8b4587"), 
    "uri" : "token/create", 
    "method" : "get", 
    "params" : "a:1:{s:5:\"param\";s:22:\"{\"account\":\"VNP08R22\"}\";}", 
    "api_key" : "", 
    "ip_address" : "192.168.1.221", 
    "time" : NumberLong(1518178316), 
    "authorized" : true
}
{ 
    "_id" : ObjectId("5a7d900f45fbbea5268b458f"), 
    "uri" : "token/create", 
    "method" : "get", 
    "params" : "a:1:{s:5:\"param\";s:22:\"{\"account\":\"VNP08R22\"}\";}", 
    "api_key" : "", 
    "ip_address" : "192.168.1.221", 
    "time" : NumberLong(1518178319), 
    "authorized" : true
}
{ 
    "_id" : ObjectId("5a7d901045fbbeed3d8b4593"), 
    "uri" : "token/create", 
    "method" : "get", 
    "params" : "a:1:{s:5:\"param\";s:22:\"{\"account\":\"VNP08R22\"}\";}", 
    "api_key" : "", 
    "ip_address" : "192.168.1.221", 
    "time" : NumberLong(1518178320), 
    "authorized" : true
}
{ 
    "_id" : ObjectId("5a7d910945fbbe4d538b4587"), 
    "uri" : "token/create", 
    "method" : "get", 
    "params" : "a:1:{s:5:\"param\";s:22:\"{\"account\":\"VNP08R22\"}\";}", 
    "api_key" : "", 
    "ip_address" : "192.168.1.221", 
    "time" : NumberLong(1518178569), 
    "authorized" : true
}
{ 
    "_id" : ObjectId("5a7d955d45fbbea3268b4584"), 
    "uri" : "token/create", 
    "method" : "get", 
    "params" : "a:1:{s:5:\"param\";s:22:\"{\"account\":\"VNP08R22\"}\";}", 
    "api_key" : "", 
    "ip_address" : "192.168.1.221", 
    "time" : NumberLong(1518179677), 
    "authorized" : true
}
{ 
    "_id" : ObjectId("5a7d959c45fbbe0a3e8b4589"), 
    "uri" : "token/create", 
    "method" : "get", 
    "params" : "a:1:{s:5:\"param\";s:22:\"{\"account\":\"VNP08R22\"}\";}", 
    "api_key" : "", 
    "ip_address" : "192.168.1.221", 
    "time" : NumberLong(1518179740), 
    "authorized" : true
}
{ 
    "_id" : ObjectId("5a7d95ae45fbbea5268b4591"), 
    "uri" : "token/create", 
    "method" : "get", 
    "params" : "a:1:{s:5:\"param\";s:22:\"{\"account\":\"VNP08R22\"}\";}", 
    "api_key" : "", 
    "ip_address" : "192.168.1.221", 
    "time" : NumberLong(1518179758), 
    "authorized" : true
}
{ 
    "_id" : ObjectId("5a7d95af45fbbea3268b4585"), 
    "uri" : "token/create", 
    "method" : "get", 
    "params" : "a:1:{s:5:\"param\";s:22:\"{\"account\":\"VNP08R22\"}\";}", 
    "api_key" : "", 
    "ip_address" : "192.168.1.221", 
    "time" : NumberLong(1518179759), 
    "authorized" : true
}
{ 
    "_id" : ObjectId("5a7d95b045fbbea6268b4590"), 
    "uri" : "token/create", 
    "method" : "get", 
    "params" : "a:1:{s:5:\"param\";s:22:\"{\"account\":\"VNP08R22\"}\";}", 
    "api_key" : "", 
    "ip_address" : "192.168.1.221", 
    "time" : NumberLong(1518179760), 
    "authorized" : true
}
{ 
    "_id" : ObjectId("5a7d95b045fbbeae268b4586"), 
    "uri" : "token/create", 
    "method" : "get", 
    "params" : "a:1:{s:5:\"param\";s:22:\"{\"account\":\"VNP08R22\"}\";}", 
    "api_key" : "", 
    "ip_address" : "192.168.1.221", 
    "time" : NumberLong(1518179760), 
    "authorized" : true
}
{ 
    "_id" : ObjectId("5a7d95b145fbbe0a3e8b458b"), 
    "uri" : "token/create", 
    "method" : "get", 
    "params" : "a:1:{s:5:\"param\";s:22:\"{\"account\":\"VNP08R22\"}\";}", 
    "api_key" : "", 
    "ip_address" : "192.168.1.221", 
    "time" : NumberLong(1518179761), 
    "authorized" : true
}
{ 
    "_id" : ObjectId("5a7d969045fbbe0b3e8b4595"), 
    "uri" : "token/create", 
    "method" : "get", 
    "params" : "a:1:{s:5:\"param\";s:22:\"{\"account\":\"VNP08R22\"}\";}", 
    "api_key" : "", 
    "ip_address" : "192.168.1.221", 
    "time" : NumberLong(1518179984), 
    "authorized" : true
}
{ 
    "_id" : ObjectId("5a7d96ea45fbbea6268b4592"), 
    "uri" : "token/create", 
    "method" : "get", 
    "params" : "a:1:{s:5:\"param\";s:22:\"{\"account\":\"VNP08R22\"}\";}", 
    "api_key" : "", 
    "ip_address" : "192.168.1.221", 
    "time" : NumberLong(1518180074), 
    "authorized" : true
}
{ 
    "_id" : ObjectId("5a7d96ee45fbbeed3d8b4595"), 
    "uri" : "token", 
    "method" : "get", 
    "params" : null, 
    "api_key" : "", 
    "ip_address" : "192.168.1.65", 
    "time" : NumberLong(1518180078), 
    "authorized" : true
}
