{ 
    "_id" : ObjectId("5a7c125ce0135b0f1a000037"), 
    "id_users" : ObjectId("5a7c125ce0135b0f1a000039"), 
    "roid" : "A123", 
    "postal" : ObjectId("5a7c125ce0135b0f1a000003"), 
    "name" : "Contact", 
    "extends" : ObjectId("52ffc4a5d85242602e000000"), 
    "addr" : "Contact addr", 
    "city" : "Contact City", 
    "province" : "Contact Province", 
    "country" : "Contact Country", 
    "voice" : "Contact Voice", 
    "fax" : "Contact Fax", 
    "position" : "Contact Position", 
    "birth" : "2017-12-12", 
    "email" : "contact@email", 
    "authInfo" : "123123123", 
    "date_create" : "2018-01-01 00:00:00", 
    "date_update" : "2018-01-01 00:00:00", 
    "date_transfer" : "2018-01-01 00:00:00", 
    "flag" : NumberInt(0), 
    "status" : NumberInt(1)
}
{ 
    "_id" : ObjectId("5a7cdd348d29612ffc3a9cf6"), 
    "id_users" : ObjectId("5a7c125ce0135b0f1a000039"), 
    "roid" : "A1234", 
    "postal" : ObjectId("5a7c125ce0135b0f1a000003"), 
    "name" : "Contact", 
    "extends" : ObjectId("52ffc4a5d85242602e000000"), 
    "addr" : "Contact addr", 
    "city" : "Contact City", 
    "province" : "Contact Province", 
    "country" : "Contact Country", 
    "voice" : "Contact Voice", 
    "fax" : "Contact Fax", 
    "position" : "Contact Position", 
    "birth" : "2017-12-12", 
    "email" : "contact@email", 
    "authInfo" : "123123123", 
    "date_create" : "2018-01-01 00:00:00", 
    "date_update" : "2018-01-01 00:00:00", 
    "date_transfer" : "2018-01-01 00:00:00", 
    "flag" : NumberInt(0), 
    "status" : NumberInt(1)
}
{ 
    "_id" : ObjectId("5a7cdd9d8d29612ffc3a9cf7"), 
    "id_users" : ObjectId("5a7c125ce0135b0f1a000039"), 
    "roid" : "A12345", 
    "postal" : ObjectId("5a7c125ce0135b0f1a000003"), 
    "name" : "Contact", 
    "extends" : ObjectId("52ffc4a5d85242602e000000"), 
    "addr" : "Contact addr", 
    "city" : "Contact City", 
    "province" : "Contact Province", 
    "country" : "Contact Country", 
    "voice" : "Contact Voice", 
    "fax" : "Contact Fax", 
    "position" : "Contact Position", 
    "birth" : "2017-12-12", 
    "email" : "contact@email", 
    "authInfo" : "123123123", 
    "date_create" : "2018-01-01 00:00:00", 
    "date_update" : "2018-01-01 00:00:00", 
    "date_transfer" : "2018-01-01 00:00:00", 
    "flag" : NumberInt(0), 
    "status" : NumberInt(1)
}
{ 
    "_id" : ObjectId("5a7cddab8d29612ffc3a9cf8"), 
    "id_users" : ObjectId("5a7c125ce0135b0f1a000039"), 
    "roid" : "A123456", 
    "postal" : ObjectId("5a7c125ce0135b0f1a000003"), 
    "name" : "Contact", 
    "extends" : ObjectId("52ffc4a5d85242602e000000"), 
    "addr" : "Contact addr", 
    "city" : "Contact City", 
    "province" : "Contact Province", 
    "country" : "Contact Country", 
    "voice" : "Contact Voice", 
    "fax" : "Contact Fax", 
    "position" : "Contact Position", 
    "birth" : "2017-12-12", 
    "email" : "contact@email", 
    "authInfo" : "123123123", 
    "date_create" : "2018-01-01 00:00:00", 
    "date_update" : "2018-01-01 00:00:00", 
    "date_transfer" : "2018-01-01 00:00:00", 
    "flag" : NumberInt(0), 
    "status" : NumberInt(1)
}
{ 
    "_id" : ObjectId("5a7cddb28d29612ffc3a9cf9"), 
    "id_users" : ObjectId("5a7c125ce0135b0f1a000039"), 
    "roid" : "A1234567", 
    "postal" : ObjectId("5a7c125ce0135b0f1a000003"), 
    "name" : "Contact", 
    "extends" : ObjectId("52ffc4a5d85242602e000000"), 
    "addr" : "Contact addr", 
    "city" : "Contact City", 
    "province" : "Contact Province", 
    "country" : "Contact Country", 
    "voice" : "Contact Voice", 
    "fax" : "Contact Fax", 
    "position" : "Contact Position", 
    "birth" : "2017-12-12", 
    "email" : "contact@email", 
    "authInfo" : "123123123", 
    "date_create" : "2018-01-01 00:00:00", 
    "date_update" : "2018-01-01 00:00:00", 
    "date_transfer" : "2018-01-01 00:00:00", 
    "flag" : NumberInt(0), 
    "status" : NumberInt(1)
}
{ 
    "_id" : ObjectId("5a7cddb68d29612ffc3a9cfa"), 
    "id_users" : ObjectId("5a7c125ce0135b0f1a000039"), 
    "roid" : "A1234568", 
    "postal" : ObjectId("5a7c125ce0135b0f1a000003"), 
    "name" : "Contact", 
    "extends" : ObjectId("52ffc4a5d85242602e000000"), 
    "addr" : "Contact addr", 
    "city" : "Contact City", 
    "province" : "Contact Province", 
    "country" : "Contact Country", 
    "voice" : "Contact Voice", 
    "fax" : "Contact Fax", 
    "position" : "Contact Position", 
    "birth" : "2017-12-12", 
    "email" : "contact@email", 
    "authInfo" : "123123123", 
    "date_create" : "2018-01-01 00:00:00", 
    "date_update" : "2018-01-01 00:00:00", 
    "date_transfer" : "2018-01-01 00:00:00", 
    "flag" : NumberInt(0), 
    "status" : NumberInt(1)
}
