{ 
    "_id" : ObjectId("5a7c0d7245fbbea5268b456b"), 
    "uri" : "api", 
    "method" : "get", 
    "params" : null, 
    "api_key" : "", 
    "ip_address" : "192.168.1.65", 
    "time" : NumberLong(1518079346), 
    "authorized" : true
}
{ 
    "_id" : ObjectId("5a7c0d8145fbbeae268b456b"), 
    "uri" : "api", 
    "method" : "get", 
    "params" : null, 
    "api_key" : "", 
    "ip_address" : "192.168.1.65", 
    "time" : NumberLong(1518079361), 
    "authorized" : true
}
{ 
    "_id" : ObjectId("5a7c0d8245fbbeae268b456c"), 
    "uri" : "api", 
    "method" : "get", 
    "params" : null, 
    "api_key" : "", 
    "ip_address" : "192.168.1.65", 
    "time" : NumberLong(1518079362), 
    "authorized" : true
}
{ 
    "_id" : ObjectId("5a7c0d8245fbbeae268b456d"), 
    "uri" : "api", 
    "method" : "get", 
    "params" : null, 
    "api_key" : "", 
    "ip_address" : "192.168.1.65", 
    "time" : NumberLong(1518079362), 
    "authorized" : true
}
{ 
    "_id" : ObjectId("5a7c0d8245fbbeae268b456e"), 
    "uri" : "api", 
    "method" : "get", 
    "params" : null, 
    "api_key" : "", 
    "ip_address" : "192.168.1.65", 
    "time" : NumberLong(1518079362), 
    "authorized" : true
}
{ 
    "_id" : ObjectId("5a7c0d8245fbbeae268b456f"), 
    "uri" : "api", 
    "method" : "get", 
    "params" : null, 
    "api_key" : "", 
    "ip_address" : "192.168.1.65", 
    "time" : NumberLong(1518079362), 
    "authorized" : true
}
{ 
    "_id" : ObjectId("5a7c0d8445fbbeae268b4570"), 
    "uri" : "api", 
    "method" : "get", 
    "params" : null, 
    "api_key" : "", 
    "ip_address" : "192.168.1.65", 
    "time" : NumberLong(1518079364), 
    "authorized" : true
}
{ 
    "_id" : ObjectId("5a7c0d8f45fbbea6268b456f"), 
    "uri" : "token/create", 
    "method" : "get", 
    "params" : "a:1:{s:5:\"param\";s:38:\"{\"param\":\"{\\\"account\\\":\\\"VNP08R22\\\"}\"}\";}", 
    "api_key" : "", 
    "ip_address" : "192.168.1.221", 
    "time" : NumberLong(1518079375), 
    "authorized" : true
}
{ 
    "_id" : ObjectId("5a7c0da245fbbedf268b456c"), 
    "uri" : "api", 
    "method" : "get", 
    "params" : null, 
    "api_key" : "", 
    "ip_address" : "192.168.1.65", 
    "time" : NumberLong(1518079394), 
    "authorized" : true
}
{ 
    "_id" : ObjectId("5a7c0da345fbbe4d538b4568"), 
    "uri" : "api", 
    "method" : "get", 
    "params" : null, 
    "api_key" : "", 
    "ip_address" : "192.168.1.65", 
    "time" : NumberLong(1518079395), 
    "authorized" : true
}
{ 
    "_id" : ObjectId("5a7c0da345fbbe4d538b4569"), 
    "uri" : "api", 
    "method" : "get", 
    "params" : null, 
    "api_key" : "", 
    "ip_address" : "192.168.1.65", 
    "time" : NumberLong(1518079395), 
    "authorized" : true
}
{ 
    "_id" : ObjectId("5a7c0da345fbbe4d538b456a"), 
    "uri" : "api", 
    "method" : "get", 
    "params" : null, 
    "api_key" : "", 
    "ip_address" : "192.168.1.65", 
    "time" : NumberLong(1518079395), 
    "authorized" : true
}
{ 
    "_id" : ObjectId("5a7c0da345fbbe4d538b456b"), 
    "uri" : "api", 
    "method" : "get", 
    "params" : null, 
    "api_key" : "", 
    "ip_address" : "192.168.1.65", 
    "time" : NumberLong(1518079395), 
    "authorized" : true
}
{ 
    "_id" : ObjectId("5a7c0da345fbbe4d538b456c"), 
    "uri" : "api", 
    "method" : "get", 
    "params" : null, 
    "api_key" : "", 
    "ip_address" : "192.168.1.65", 
    "time" : NumberLong(1518079395), 
    "authorized" : true
}
{ 
    "_id" : ObjectId("5a7c0da445fbbe4d538b456d"), 
    "uri" : "api", 
    "method" : "get", 
    "params" : null, 
    "api_key" : "", 
    "ip_address" : "192.168.1.65", 
    "time" : NumberLong(1518079396), 
    "authorized" : true
}
{ 
    "_id" : ObjectId("5a7c0da445fbbe4d538b456e"), 
    "uri" : "api", 
    "method" : "get", 
    "params" : null, 
    "api_key" : "", 
    "ip_address" : "192.168.1.65", 
    "time" : NumberLong(1518079396), 
    "authorized" : true
}
{ 
    "_id" : ObjectId("5a7c0da445fbbe4d538b456f"), 
    "uri" : "api", 
    "method" : "get", 
    "params" : null, 
    "api_key" : "", 
    "ip_address" : "192.168.1.65", 
    "time" : NumberLong(1518079396), 
    "authorized" : true
}
{ 
    "_id" : ObjectId("5a7c0da545fbbe4d538b4570"), 
    "uri" : "api", 
    "method" : "get", 
    "params" : null, 
    "api_key" : "", 
    "ip_address" : "192.168.1.65", 
    "time" : NumberLong(1518079397), 
    "authorized" : true
}
{ 
    "_id" : ObjectId("5a7c0f6145fbbea4268b456c"), 
    "uri" : "token", 
    "method" : "get", 
    "params" : null, 
    "api_key" : "", 
    "ip_address" : "192.168.1.65", 
    "time" : NumberLong(1518079841), 
    "authorized" : true
}
{ 
    "_id" : ObjectId("5a7c0f7145fbbea6268b4570"), 
    "uri" : "token", 
    "method" : "get", 
    "params" : null, 
    "api_key" : "", 
    "ip_address" : "192.168.1.65", 
    "time" : NumberLong(1518079857), 
    "authorized" : true
}
{ 
    "_id" : ObjectId("5a7c0f7245fbbe0b3e8b4567"), 
    "uri" : "token", 
    "method" : "get", 
    "params" : null, 
    "api_key" : "", 
    "ip_address" : "192.168.1.65", 
    "time" : NumberLong(1518079858), 
    "authorized" : true
}
{ 
    "_id" : ObjectId("5a7c0f7345fbbea3268b456b"), 
    "uri" : "token", 
    "method" : "get", 
    "params" : null, 
    "api_key" : "", 
    "ip_address" : "192.168.1.65", 
    "time" : NumberLong(1518079859), 
    "authorized" : true
}
{ 
    "_id" : ObjectId("5a7c0f7345fbbe0a3e8b456b"), 
    "uri" : "token", 
    "method" : "get", 
    "params" : null, 
    "api_key" : "", 
    "ip_address" : "192.168.1.65", 
    "time" : NumberLong(1518079859), 
    "authorized" : true
}
{ 
    "_id" : ObjectId("5a7c0fe245fbbea5268b456c"), 
    "uri" : "token", 
    "method" : "get", 
    "params" : null, 
    "api_key" : "", 
    "ip_address" : "192.168.1.65", 
    "time" : NumberLong(1518079970), 
    "authorized" : true
}
{ 
    "_id" : ObjectId("5a7c0fea45fbbeae268b4571"), 
    "uri" : "token", 
    "method" : "get", 
    "params" : null, 
    "api_key" : "", 
    "ip_address" : "192.168.1.65", 
    "time" : NumberLong(1518079978), 
    "authorized" : true
}
{ 
    "_id" : ObjectId("5a7c0ffd45fbbe0b3e8b4568"), 
    "uri" : "token", 
    "method" : "get", 
    "params" : null, 
    "api_key" : "", 
    "ip_address" : "192.168.1.65", 
    "time" : NumberLong(1518079997), 
    "authorized" : true
}
{ 
    "_id" : ObjectId("5a7c100745fbbe0a3e8b456c"), 
    "uri" : "token", 
    "method" : "get", 
    "params" : null, 
    "api_key" : "", 
    "ip_address" : "192.168.1.65", 
    "time" : NumberLong(1518080007), 
    "authorized" : true
}
{ 
    "_id" : ObjectId("5a7c105a45fbbedf268b456f"), 
    "uri" : "token", 
    "method" : "get", 
    "params" : null, 
    "api_key" : "", 
    "ip_address" : "192.168.1.65", 
    "time" : NumberLong(1518080090), 
    "authorized" : true
}
{ 
    "_id" : ObjectId("5a7c10b945fbbea4268b456d"), 
    "uri" : "token", 
    "method" : "get", 
    "params" : null, 
    "api_key" : "", 
    "ip_address" : "192.168.1.65", 
    "time" : NumberLong(1518080185), 
    "authorized" : true
}
{ 
    "_id" : ObjectId("5a7c10ba45fbbea6268b4571"), 
    "uri" : "token", 
    "method" : "get", 
    "params" : null, 
    "api_key" : "", 
    "ip_address" : "192.168.1.65", 
    "time" : NumberLong(1518080186), 
    "authorized" : true
}
{ 
    "_id" : ObjectId("5a7c10ba45fbbea6268b4572"), 
    "uri" : "token", 
    "method" : "get", 
    "params" : null, 
    "api_key" : "", 
    "ip_address" : "192.168.1.65", 
    "time" : NumberLong(1518080186), 
    "authorized" : true
}
{ 
    "_id" : ObjectId("5a7c10ba45fbbea6268b4573"), 
    "uri" : "token", 
    "method" : "get", 
    "params" : null, 
    "api_key" : "", 
    "ip_address" : "192.168.1.65", 
    "time" : NumberLong(1518080186), 
    "authorized" : true
}
{ 
    "_id" : ObjectId("5a7c10ba45fbbea6268b4574"), 
    "uri" : "token", 
    "method" : "get", 
    "params" : null, 
    "api_key" : "", 
    "ip_address" : "192.168.1.65", 
    "time" : NumberLong(1518080186), 
    "authorized" : true
}
{ 
    "_id" : ObjectId("5a7c10d045fbbea3268b456c"), 
    "uri" : "token", 
    "method" : "get", 
    "params" : null, 
    "api_key" : "", 
    "ip_address" : "192.168.1.65", 
    "time" : NumberLong(1518080208), 
    "authorized" : true
}
{ 
    "_id" : ObjectId("5a7c10ef45fbbe0a3e8b456d"), 
    "uri" : "token", 
    "method" : "get", 
    "params" : null, 
    "api_key" : "", 
    "ip_address" : "192.168.1.65", 
    "time" : NumberLong(1518080239), 
    "authorized" : true
}
{ 
    "_id" : ObjectId("5a7c116f45fbbe0b3e8b4569"), 
    "uri" : "token", 
    "method" : "get", 
    "params" : null, 
    "api_key" : "", 
    "ip_address" : "192.168.1.65", 
    "time" : NumberLong(1518080367), 
    "authorized" : true
}
{ 
    "_id" : ObjectId("5a7c118e45fbbe4d538b4571"), 
    "uri" : "token", 
    "method" : "get", 
    "params" : null, 
    "api_key" : "", 
    "ip_address" : "192.168.1.65", 
    "time" : NumberLong(1518080398), 
    "authorized" : true
}
{ 
    "_id" : ObjectId("5a7c11a345fbbe0a3e8b456e"), 
    "uri" : "token", 
    "method" : "get", 
    "params" : null, 
    "api_key" : "", 
    "ip_address" : "192.168.1.65", 
    "time" : NumberLong(1518080419), 
    "authorized" : true
}
{ 
    "_id" : ObjectId("5a7c11a445fbbe0a3e8b456f"), 
    "uri" : "token", 
    "method" : "get", 
    "params" : null, 
    "api_key" : "", 
    "ip_address" : "192.168.1.65", 
    "time" : NumberLong(1518080420), 
    "authorized" : true
}
{ 
    "_id" : ObjectId("5a7c11a445fbbedf268b4570"), 
    "uri" : "token", 
    "method" : "get", 
    "params" : null, 
    "api_key" : "", 
    "ip_address" : "192.168.1.65", 
    "time" : NumberLong(1518080420), 
    "authorized" : true
}
{ 
    "_id" : ObjectId("5a7c11a545fbbedf268b4571"), 
    "uri" : "token", 
    "method" : "get", 
    "params" : null, 
    "api_key" : "", 
    "ip_address" : "192.168.1.65", 
    "time" : NumberLong(1518080421), 
    "authorized" : true
}
{ 
    "_id" : ObjectId("5a7c11a545fbbedf268b4572"), 
    "uri" : "token", 
    "method" : "get", 
    "params" : null, 
    "api_key" : "", 
    "ip_address" : "192.168.1.65", 
    "time" : NumberLong(1518080421), 
    "authorized" : true
}
{ 
    "_id" : ObjectId("5a7c11a545fbbedf268b4573"), 
    "uri" : "token", 
    "method" : "get", 
    "params" : null, 
    "api_key" : "", 
    "ip_address" : "192.168.1.65", 
    "time" : NumberLong(1518080421), 
    "authorized" : true
}
{ 
    "_id" : ObjectId("5a7c11a645fbbedf268b4574"), 
    "uri" : "token", 
    "method" : "get", 
    "params" : null, 
    "api_key" : "", 
    "ip_address" : "192.168.1.65", 
    "time" : NumberLong(1518080422), 
    "authorized" : true
}
{ 
    "_id" : ObjectId("5a7c11a645fbbedf268b4575"), 
    "uri" : "token", 
    "method" : "get", 
    "params" : null, 
    "api_key" : "", 
    "ip_address" : "192.168.1.65", 
    "time" : NumberLong(1518080422), 
    "authorized" : true
}
{ 
    "_id" : ObjectId("5a7c11a645fbbedf268b4576"), 
    "uri" : "token", 
    "method" : "get", 
    "params" : null, 
    "api_key" : "", 
    "ip_address" : "192.168.1.65", 
    "time" : NumberLong(1518080422), 
    "authorized" : true
}
{ 
    "_id" : ObjectId("5a7c11a645fbbedf268b4577"), 
    "uri" : "token", 
    "method" : "get", 
    "params" : null, 
    "api_key" : "", 
    "ip_address" : "192.168.1.65", 
    "time" : NumberLong(1518080422), 
    "authorized" : true
}
{ 
    "_id" : ObjectId("5a7c126845fbbea4268b456e"), 
    "uri" : "token", 
    "method" : "get", 
    "params" : null, 
    "api_key" : "", 
    "ip_address" : "192.168.1.65", 
    "time" : NumberLong(1518080616), 
    "authorized" : true
}
{ 
    "_id" : ObjectId("5a7c127e45fbbe0b3e8b456a"), 
    "uri" : "token", 
    "method" : "get", 
    "params" : null, 
    "api_key" : "", 
    "ip_address" : "192.168.1.65", 
    "time" : NumberLong(1518080638), 
    "authorized" : true
}
{ 
    "_id" : ObjectId("5a7c127e45fbbe0b3e8b456b"), 
    "uri" : "token", 
    "method" : "get", 
    "params" : null, 
    "api_key" : "", 
    "ip_address" : "192.168.1.65", 
    "time" : NumberLong(1518080638), 
    "authorized" : true
}
{ 
    "_id" : ObjectId("5a7c127e45fbbe0b3e8b456c"), 
    "uri" : "token", 
    "method" : "get", 
    "params" : null, 
    "api_key" : "", 
    "ip_address" : "192.168.1.65", 
    "time" : NumberLong(1518080638), 
    "authorized" : true
}
{ 
    "_id" : ObjectId("5a7c127f45fbbe0b3e8b456d"), 
    "uri" : "token", 
    "method" : "get", 
    "params" : null, 
    "api_key" : "", 
    "ip_address" : "192.168.1.65", 
    "time" : NumberLong(1518080639), 
    "authorized" : true
}
{ 
    "_id" : ObjectId("5a7c127f45fbbe0b3e8b456e"), 
    "uri" : "token", 
    "method" : "get", 
    "params" : null, 
    "api_key" : "", 
    "ip_address" : "192.168.1.65", 
    "time" : NumberLong(1518080639), 
    "authorized" : true
}
{ 
    "_id" : ObjectId("5a7c127f45fbbe0b3e8b456f"), 
    "uri" : "token", 
    "method" : "get", 
    "params" : null, 
    "api_key" : "", 
    "ip_address" : "192.168.1.65", 
    "time" : NumberLong(1518080639), 
    "authorized" : true
}
{ 
    "_id" : ObjectId("5a7c127f45fbbe0b3e8b4570"), 
    "uri" : "token", 
    "method" : "get", 
    "params" : null, 
    "api_key" : "", 
    "ip_address" : "192.168.1.65", 
    "time" : NumberLong(1518080639), 
    "authorized" : true
}
{ 
    "_id" : ObjectId("5a7c12b245fbbea3268b456d"), 
    "uri" : "token", 
    "method" : "get", 
    "params" : null, 
    "api_key" : "", 
    "ip_address" : "192.168.1.65", 
    "time" : NumberLong(1518080690), 
    "authorized" : true
}
{ 
    "_id" : ObjectId("5a7c12b445fbbea5268b456d"), 
    "uri" : "token", 
    "method" : "get", 
    "params" : null, 
    "api_key" : "", 
    "ip_address" : "192.168.1.65", 
    "time" : NumberLong(1518080692), 
    "authorized" : true
}
{ 
    "_id" : ObjectId("5a7c12c045fbbeae268b4572"), 
    "uri" : "token", 
    "method" : "get", 
    "params" : null, 
    "api_key" : "", 
    "ip_address" : "192.168.1.65", 
    "time" : NumberLong(1518080704), 
    "authorized" : true
}
{ 
    "_id" : ObjectId("5a7c12d145fbbea4268b456f"), 
    "uri" : "token", 
    "method" : "get", 
    "params" : null, 
    "api_key" : "", 
    "ip_address" : "192.168.1.65", 
    "time" : NumberLong(1518080721), 
    "authorized" : true
}
{ 
    "_id" : ObjectId("5a7c12fc45fbbe0b3e8b4571"), 
    "uri" : "token", 
    "method" : "get", 
    "params" : null, 
    "api_key" : "", 
    "ip_address" : "192.168.1.65", 
    "time" : NumberLong(1518080764), 
    "authorized" : true
}
{ 
    "_id" : ObjectId("5a7c130f45fbbeed3d8b4571"), 
    "uri" : "token", 
    "method" : "get", 
    "params" : null, 
    "api_key" : "", 
    "ip_address" : "192.168.1.65", 
    "time" : NumberLong(1518080783), 
    "authorized" : true
}
{ 
    "_id" : ObjectId("5a7c131045fbbeed3d8b4572"), 
    "uri" : "token", 
    "method" : "get", 
    "params" : null, 
    "api_key" : "", 
    "ip_address" : "192.168.1.65", 
    "time" : NumberLong(1518080784), 
    "authorized" : true
}
{ 
    "_id" : ObjectId("5a7c131145fbbeed3d8b4573"), 
    "uri" : "token", 
    "method" : "get", 
    "params" : null, 
    "api_key" : "", 
    "ip_address" : "192.168.1.65", 
    "time" : NumberLong(1518080785), 
    "authorized" : true
}
{ 
    "_id" : ObjectId("5a7c131145fbbeed3d8b4574"), 
    "uri" : "token", 
    "method" : "get", 
    "params" : null, 
    "api_key" : "", 
    "ip_address" : "192.168.1.65", 
    "time" : NumberLong(1518080785), 
    "authorized" : true
}
{ 
    "_id" : ObjectId("5a7c131245fbbeed3d8b4575"), 
    "uri" : "token", 
    "method" : "get", 
    "params" : null, 
    "api_key" : "", 
    "ip_address" : "192.168.1.65", 
    "time" : NumberLong(1518080786), 
    "authorized" : true
}
{ 
    "_id" : ObjectId("5a7c131245fbbeed3d8b4576"), 
    "uri" : "token", 
    "method" : "get", 
    "params" : null, 
    "api_key" : "", 
    "ip_address" : "192.168.1.65", 
    "time" : NumberLong(1518080786), 
    "authorized" : true
}
{ 
    "_id" : ObjectId("5a7c131245fbbeed3d8b4577"), 
    "uri" : "token", 
    "method" : "get", 
    "params" : null, 
    "api_key" : "", 
    "ip_address" : "192.168.1.65", 
    "time" : NumberLong(1518080786), 
    "authorized" : true
}
{ 
    "_id" : ObjectId("5a7c132145fbbea6268b4575"), 
    "uri" : "token", 
    "method" : "get", 
    "params" : null, 
    "api_key" : "", 
    "ip_address" : "192.168.1.65", 
    "time" : NumberLong(1518080801), 
    "authorized" : true
}
{ 
    "_id" : ObjectId("5a7c132245fbbea6268b4576"), 
    "uri" : "token", 
    "method" : "get", 
    "params" : null, 
    "api_key" : "", 
    "ip_address" : "192.168.1.65", 
    "time" : NumberLong(1518080802), 
    "authorized" : true
}
{ 
    "_id" : ObjectId("5a7c132345fbbea6268b4577"), 
    "uri" : "token", 
    "method" : "get", 
    "params" : null, 
    "api_key" : "", 
    "ip_address" : "192.168.1.65", 
    "time" : NumberLong(1518080803), 
    "authorized" : true
}
{ 
    "_id" : ObjectId("5a7c132345fbbea6268b4578"), 
    "uri" : "token", 
    "method" : "get", 
    "params" : null, 
    "api_key" : "", 
    "ip_address" : "192.168.1.65", 
    "time" : NumberLong(1518080803), 
    "authorized" : true
}
{ 
    "_id" : ObjectId("5a7c132345fbbea6268b4579"), 
    "uri" : "token", 
    "method" : "get", 
    "params" : null, 
    "api_key" : "", 
    "ip_address" : "192.168.1.65", 
    "time" : NumberLong(1518080803), 
    "authorized" : true
}
{ 
    "_id" : ObjectId("5a7c132945fbbedf268b4578"), 
    "uri" : "token", 
    "method" : "get", 
    "params" : null, 
    "api_key" : "", 
    "ip_address" : "192.168.1.65", 
    "time" : NumberLong(1518080809), 
    "authorized" : true
}
{ 
    "_id" : ObjectId("5a7c132a45fbbedf268b4579"), 
    "uri" : "token", 
    "method" : "get", 
    "params" : null, 
    "api_key" : "", 
    "ip_address" : "192.168.1.65", 
    "time" : NumberLong(1518080810), 
    "authorized" : true
}
{ 
    "_id" : ObjectId("5a7c132b45fbbedf268b457a"), 
    "uri" : "token", 
    "method" : "get", 
    "params" : null, 
    "api_key" : "", 
    "ip_address" : "192.168.1.65", 
    "time" : NumberLong(1518080811), 
    "authorized" : true
}
{ 
    "_id" : ObjectId("5a7c132b45fbbedf268b457b"), 
    "uri" : "token", 
    "method" : "get", 
    "params" : null, 
    "api_key" : "", 
    "ip_address" : "192.168.1.65", 
    "time" : NumberLong(1518080811), 
    "authorized" : true
}
{ 
    "_id" : ObjectId("5a7c132b45fbbedf268b457c"), 
    "uri" : "token", 
    "method" : "get", 
    "params" : null, 
    "api_key" : "", 
    "ip_address" : "192.168.1.65", 
    "time" : NumberLong(1518080811), 
    "authorized" : true
}
{ 
    "_id" : ObjectId("5a7c133245fbbea3268b456e"), 
    "uri" : "token", 
    "method" : "get", 
    "params" : null, 
    "api_key" : "", 
    "ip_address" : "192.168.1.65", 
    "time" : NumberLong(1518080818), 
    "authorized" : true
}
{ 
    "_id" : ObjectId("5a7c133945fbbe0a3e8b4570"), 
    "uri" : "token", 
    "method" : "get", 
    "params" : null, 
    "api_key" : "", 
    "ip_address" : "192.168.1.65", 
    "time" : NumberLong(1518080825), 
    "authorized" : true
}
{ 
    "_id" : ObjectId("5a7c134245fbbeed3d8b4578"), 
    "uri" : "token", 
    "method" : "get", 
    "params" : null, 
    "api_key" : "", 
    "ip_address" : "192.168.1.65", 
    "time" : NumberLong(1518080834), 
    "authorized" : true
}
{ 
    "_id" : ObjectId("5a7c134a45fbbea6268b457a"), 
    "uri" : "token", 
    "method" : "get", 
    "params" : null, 
    "api_key" : "", 
    "ip_address" : "192.168.1.65", 
    "time" : NumberLong(1518080842), 
    "authorized" : true
}
{ 
    "_id" : ObjectId("5a7c135a45fbbea4268b4570"), 
    "uri" : "token", 
    "method" : "get", 
    "params" : null, 
    "api_key" : "", 
    "ip_address" : "192.168.1.65", 
    "time" : NumberLong(1518080858), 
    "authorized" : true
}
{ 
    "_id" : ObjectId("5a7c135b45fbbea4268b4571"), 
    "uri" : "token", 
    "method" : "get", 
    "params" : null, 
    "api_key" : "", 
    "ip_address" : "192.168.1.65", 
    "time" : NumberLong(1518080859), 
    "authorized" : true
}
{ 
    "_id" : ObjectId("5a7c135b45fbbea4268b4572"), 
    "uri" : "token", 
    "method" : "get", 
    "params" : null, 
    "api_key" : "", 
    "ip_address" : "192.168.1.65", 
    "time" : NumberLong(1518080859), 
    "authorized" : true
}
{ 
    "_id" : ObjectId("5a7c135b45fbbea4268b4573"), 
    "uri" : "token", 
    "method" : "get", 
    "params" : null, 
    "api_key" : "", 
    "ip_address" : "192.168.1.65", 
    "time" : NumberLong(1518080859), 
    "authorized" : true
}
{ 
    "_id" : ObjectId("5a7c136345fbbe0b3e8b4572"), 
    "uri" : "token", 
    "method" : "get", 
    "params" : null, 
    "api_key" : "", 
    "ip_address" : "192.168.1.65", 
    "time" : NumberLong(1518080867), 
    "authorized" : true
}
{ 
    "_id" : ObjectId("5a7c136445fbbe0b3e8b4573"), 
    "uri" : "token", 
    "method" : "get", 
    "params" : null, 
    "api_key" : "", 
    "ip_address" : "192.168.1.65", 
    "time" : NumberLong(1518080868), 
    "authorized" : true
}
{ 
    "_id" : ObjectId("5a7c136445fbbe0b3e8b4574"), 
    "uri" : "token", 
    "method" : "get", 
    "params" : null, 
    "api_key" : "", 
    "ip_address" : "192.168.1.65", 
    "time" : NumberLong(1518080868), 
    "authorized" : true
}
{ 
    "_id" : ObjectId("5a7c136445fbbe0b3e8b4575"), 
    "uri" : "token", 
    "method" : "get", 
    "params" : null, 
    "api_key" : "", 
    "ip_address" : "192.168.1.65", 
    "time" : NumberLong(1518080868), 
    "authorized" : true
}
{ 
    "_id" : ObjectId("5a7c136f45fbbea5268b456e"), 
    "uri" : "token", 
    "method" : "get", 
    "params" : null, 
    "api_key" : "", 
    "ip_address" : "192.168.1.65", 
    "time" : NumberLong(1518080879), 
    "authorized" : true
}
{ 
    "_id" : ObjectId("5a7c137245fbbeae268b4573"), 
    "uri" : "token", 
    "method" : "get", 
    "params" : null, 
    "api_key" : "", 
    "ip_address" : "192.168.1.65", 
    "time" : NumberLong(1518080882), 
    "authorized" : true
}
{ 
    "_id" : ObjectId("5a7c138945fbbe4d538b4572"), 
    "uri" : "token", 
    "method" : "get", 
    "params" : null, 
    "api_key" : "", 
    "ip_address" : "192.168.1.65", 
    "time" : NumberLong(1518080905), 
    "authorized" : true
}
{ 
    "_id" : ObjectId("5a7c138a45fbbe4d538b4573"), 
    "uri" : "token", 
    "method" : "get", 
    "params" : null, 
    "api_key" : "", 
    "ip_address" : "192.168.1.65", 
    "time" : NumberLong(1518080906), 
    "authorized" : true
}
{ 
    "_id" : ObjectId("5a7c138a45fbbedf268b457d"), 
    "uri" : "token", 
    "method" : "get", 
    "params" : null, 
    "api_key" : "", 
    "ip_address" : "192.168.1.65", 
    "time" : NumberLong(1518080906), 
    "authorized" : true
}
{ 
    "_id" : ObjectId("5a7c138b45fbbedf268b457e"), 
    "uri" : "token", 
    "method" : "get", 
    "params" : null, 
    "api_key" : "", 
    "ip_address" : "192.168.1.65", 
    "time" : NumberLong(1518080907), 
    "authorized" : true
}
{ 
    "_id" : ObjectId("5a7c138b45fbbedf268b457f"), 
    "uri" : "token", 
    "method" : "get", 
    "params" : null, 
    "api_key" : "", 
    "ip_address" : "192.168.1.65", 
    "time" : NumberLong(1518080907), 
    "authorized" : true
}
{ 
    "_id" : ObjectId("5a7c138b45fbbedf268b4580"), 
    "uri" : "token", 
    "method" : "get", 
    "params" : null, 
    "api_key" : "", 
    "ip_address" : "192.168.1.65", 
    "time" : NumberLong(1518080907), 
    "authorized" : true
}
{ 
    "_id" : ObjectId("5a7c138b45fbbedf268b4581"), 
    "uri" : "token", 
    "method" : "get", 
    "params" : null, 
    "api_key" : "", 
    "ip_address" : "192.168.1.65", 
    "time" : NumberLong(1518080907), 
    "authorized" : true
}
{ 
    "_id" : ObjectId("5a7c162145fbbe0a3e8b4571"), 
    "uri" : "token", 
    "method" : "get", 
    "params" : null, 
    "api_key" : "", 
    "ip_address" : "192.168.1.65", 
    "time" : NumberLong(1518081569), 
    "authorized" : true
}
{ 
    "_id" : ObjectId("5a7c162945fbbeed3d8b4579"), 
    "uri" : "token", 
    "method" : "get", 
    "params" : null, 
    "api_key" : "", 
    "ip_address" : "192.168.1.65", 
    "time" : NumberLong(1518081577), 
    "authorized" : true
}
{ 
    "_id" : ObjectId("5a7c16bc45fbbe0b3e8b4576"), 
    "uri" : "token", 
    "method" : "get", 
    "params" : null, 
    "api_key" : "", 
    "ip_address" : "192.168.1.65", 
    "time" : NumberLong(1518081724), 
    "authorized" : true
}
{ 
    "_id" : ObjectId("5a7c16bc45fbbea5268b456f"), 
    "uri" : "token/create", 
    "method" : "get", 
    "params" : "a:1:{s:5:\"param\";s:4:\"null\";}", 
    "api_key" : "", 
    "ip_address" : "192.168.1.221", 
    "time" : NumberLong(1518081724), 
    "authorized" : true
}
{ 
    "_id" : ObjectId("5a7c16c545fbbeae268b4574"), 
    "uri" : "token/create", 
    "method" : "get", 
    "params" : "a:1:{s:5:\"param\";s:38:\"{\"param\":\"{\\\"account\\\":\\\"VNP08R22\\\"}\"}\";}", 
    "api_key" : "", 
    "ip_address" : "192.168.1.221", 
    "time" : NumberLong(1518081733), 
    "authorized" : true
}
{ 
    "_id" : ObjectId("5a7c16d945fbbea4268b4574"), 
    "uri" : "token/create", 
    "method" : "get", 
    "params" : "a:1:{s:5:\"param\";s:38:\"{\"param\":\"{\\\"account\\\":\\\"VNP08R22\\\"}\"}\";}", 
    "api_key" : "", 
    "ip_address" : "192.168.1.221", 
    "time" : NumberLong(1518081753), 
    "authorized" : true
}
{ 
    "_id" : ObjectId("5a7c170f45fbbea3268b456f"), 
    "uri" : "token", 
    "method" : "get", 
    "params" : null, 
    "api_key" : "", 
    "ip_address" : "192.168.1.65", 
    "time" : NumberLong(1518081807), 
    "authorized" : true
}
{ 
    "_id" : ObjectId("5a7c171145fbbea5268b4570"), 
    "uri" : "token/create", 
    "method" : "get", 
    "params" : "a:1:{s:5:\"param\";s:38:\"{\"param\":\"{\\\"account\\\":\\\"VNP08R22\\\"}\"}\";}", 
    "api_key" : "", 
    "ip_address" : "192.168.1.221", 
    "time" : NumberLong(1518081809), 
    "authorized" : true
}
{ 
    "_id" : ObjectId("5a7c172045fbbeae268b4575"), 
    "uri" : "token/create", 
    "method" : "get", 
    "params" : "a:1:{s:5:\"param\";s:38:\"{\"param\":\"{\\\"account\\\":\\\"VNP08R22\\\"}\"}\";}", 
    "api_key" : "", 
    "ip_address" : "192.168.1.221", 
    "time" : NumberLong(1518081824), 
    "authorized" : true
}
{ 
    "_id" : ObjectId("5a7c173745fbbea4268b4575"), 
    "uri" : "token/create", 
    "method" : "get", 
    "params" : "a:1:{s:5:\"param\";s:22:\"{\"account\":\"VNP08R22\"}\";}", 
    "api_key" : "", 
    "ip_address" : "192.168.1.221", 
    "time" : NumberLong(1518081847), 
    "authorized" : true
}
{ 
    "_id" : ObjectId("5a7c175145fbbea5268b4571"), 
    "uri" : "token/create", 
    "method" : "get", 
    "params" : "a:1:{s:5:\"param\";s:22:\"{\"account\":\"VNP08R22\"}\";}", 
    "api_key" : "", 
    "ip_address" : "192.168.1.221", 
    "time" : NumberLong(1518081873), 
    "authorized" : true
}
{ 
    "_id" : ObjectId("5a7c17ca45fbbea6268b457b"), 
    "uri" : "token/create", 
    "method" : "get", 
    "params" : "a:1:{s:5:\"param\";s:22:\"{\"account\":\"VNP08R22\"}\";}", 
    "api_key" : "", 
    "ip_address" : "192.168.1.221", 
    "time" : NumberLong(1518081994), 
    "authorized" : true
}
{ 
    "_id" : ObjectId("5a7c17cd45fbbeed3d8b457a"), 
    "uri" : "token/create", 
    "method" : "get", 
    "params" : "a:1:{s:5:\"param\";s:22:\"{\"account\":\"VNP08R22\"}\";}", 
    "api_key" : "", 
    "ip_address" : "192.168.1.221", 
    "time" : NumberLong(1518081997), 
    "authorized" : true
}
{ 
    "_id" : ObjectId("5a7c17df45fbbea3268b4570"), 
    "uri" : "token", 
    "method" : "get", 
    "params" : null, 
    "api_key" : "", 
    "ip_address" : "192.168.1.65", 
    "time" : NumberLong(1518082015), 
    "authorized" : true
}
{ 
    "_id" : ObjectId("5a7c184d45fbbea6268b457c"), 
    "uri" : "token/create", 
    "method" : "get", 
    "params" : "a:1:{s:5:\"param\";s:22:\"{\"account\":\"VNP08R22\"}\";}", 
    "api_key" : "", 
    "ip_address" : "192.168.1.221", 
    "time" : NumberLong(1518082125), 
    "authorized" : true
}
{ 
    "_id" : ObjectId("5a7c18e345fbbea5268b4572"), 
    "uri" : "token/create", 
    "method" : "get", 
    "params" : "a:1:{s:5:\"param\";s:22:\"{\"account\":\"VNP08R22\"}\";}", 
    "api_key" : "", 
    "ip_address" : "192.168.1.221", 
    "time" : NumberLong(1518082275), 
    "authorized" : true
}
{ 
    "_id" : ObjectId("5a7c18e545fbbea6268b457d"), 
    "uri" : "token/create", 
    "method" : "get", 
    "params" : "a:1:{s:5:\"param\";s:22:\"{\"account\":\"VNP08R22\"}\";}", 
    "api_key" : "", 
    "ip_address" : "192.168.1.221", 
    "time" : NumberLong(1518082277), 
    "authorized" : true
}
{ 
    "_id" : ObjectId("5a7c18e645fbbea3268b4571"), 
    "uri" : "token", 
    "method" : "get", 
    "params" : null, 
    "api_key" : "", 
    "ip_address" : "192.168.1.65", 
    "time" : NumberLong(1518082278), 
    "authorized" : true
}
{ 
    "_id" : ObjectId("5a7c18f045fbbe0b3e8b4577"), 
    "uri" : "token", 
    "method" : "get", 
    "params" : null, 
    "api_key" : "", 
    "ip_address" : "192.168.1.65", 
    "time" : NumberLong(1518082288), 
    "authorized" : true
}
{ 
    "_id" : ObjectId("5a7c18f145fbbeae268b4576"), 
    "uri" : "token/create", 
    "method" : "get", 
    "params" : "a:1:{s:5:\"param\";s:22:\"{\"account\":\"VNP08R22\"}\";}", 
    "api_key" : "", 
    "ip_address" : "192.168.1.221", 
    "time" : NumberLong(1518082289), 
    "authorized" : true
}
{ 
    "_id" : ObjectId("5a7c198545fbbea5268b4573"), 
    "uri" : "token/create", 
    "method" : "get", 
    "params" : "a:1:{s:5:\"param\";s:22:\"{\"account\":\"VNP08R22\"}\";}", 
    "api_key" : "", 
    "ip_address" : "192.168.1.221", 
    "time" : NumberLong(1518082437), 
    "authorized" : true
}
{ 
    "_id" : ObjectId("5a7c19f345fbbea3268b4572"), 
    "uri" : "token/create", 
    "method" : "get", 
    "params" : "a:1:{s:5:\"param\";s:22:\"{\"account\":\"VNP08R22\"}\";}", 
    "api_key" : "", 
    "ip_address" : "192.168.1.221", 
    "time" : NumberLong(1518082547), 
    "authorized" : true
}
{ 
    "_id" : ObjectId("5a7c1e5f45fbbea4268b4576"), 
    "uri" : "token/create", 
    "method" : "get", 
    "params" : "a:1:{s:5:\"param\";s:22:\"{\"account\":\"VNP08R22\"}\";}", 
    "api_key" : "", 
    "ip_address" : "192.168.1.221", 
    "time" : NumberLong(1518083679), 
    "authorized" : true
}
{ 
    "_id" : ObjectId("5a7c209345fbbe0a3e8b4572"), 
    "uri" : "token/create", 
    "method" : "get", 
    "params" : "a:1:{s:5:\"param\";s:22:\"{\"account\":\"VNP08R22\"}\";}", 
    "api_key" : "", 
    "ip_address" : "192.168.1.221", 
    "time" : NumberLong(1518084243), 
    "authorized" : true
}
{ 
    "_id" : ObjectId("5a7c209545fbbe0b3e8b4578"), 
    "uri" : "token", 
    "method" : "get", 
    "params" : null, 
    "api_key" : "", 
    "ip_address" : "192.168.1.65", 
    "time" : NumberLong(1518084245), 
    "authorized" : true
}
{ 
    "_id" : ObjectId("5a7c57d5e7be762033000029"), 
    "uri" : "", 
    "method" : "get", 
    "params" : null, 
    "api_key" : "", 
    "ip_address" : "127.0.0.1", 
    "time" : NumberInt(1518098389), 
    "authorized" : true
}
{ 
    "_id" : ObjectId("5a7c5820e7be761c33000029"), 
    "uri" : "", 
    "method" : "get", 
    "params" : null, 
    "api_key" : "", 
    "ip_address" : "127.0.0.1", 
    "time" : NumberInt(1518098464), 
    "authorized" : true
}
{ 
    "_id" : ObjectId("5a7c5826e7be761c3300002a"), 
    "uri" : "token", 
    "method" : "get", 
    "params" : null, 
    "api_key" : "", 
    "ip_address" : "127.0.0.1", 
    "time" : NumberInt(1518098470), 
    "authorized" : true
}
{ 
    "_id" : ObjectId("5a7cd74be7be769833000029"), 
    "uri" : "", 
    "method" : "get", 
    "params" : null, 
    "api_key" : "", 
    "ip_address" : "127.0.0.1", 
    "time" : NumberInt(1518131019), 
    "authorized" : true
}
{ 
    "_id" : ObjectId("5a7cd81ce7be76203300002a"), 
    "uri" : "", 
    "method" : "get", 
    "params" : null, 
    "api_key" : "", 
    "ip_address" : "127.0.0.1", 
    "time" : NumberInt(1518131228), 
    "authorized" : true
}
{ 
    "_id" : ObjectId("5a7cd823e7be769c33000029"), 
    "uri" : "token", 
    "method" : "get", 
    "params" : null, 
    "api_key" : "", 
    "ip_address" : "127.0.0.1", 
    "time" : NumberInt(1518131235), 
    "authorized" : true
}
